日期,标题,链接,浏览次数
2020-01-14,【新京报】程建平：将辅仁大学旧址打造成中国文化传播基地,http://news.bnu.edu.cn/zx/ttgz/115131.htm,502
2020-01-14,法国高等教育、研究与创新部长维达尔率团访问北京师范大学,http://news.bnu.edu.cn/zx/ttgz/115114.htm,455
2020-01-13,北京师范大学召开“不忘初心、牢记使命”主题教育总结大会,http://news.bnu.edu.cn/zx/ttgz/115112.htm,447
2020-01-13,【光明日报】韩震“核心价值观百场讲坛”工作座谈会发言,http://news.bnu.edu.cn/zx/ttgz/115098.htm,477
2020-01-10,北京师范大学党委理论学习中心组专题学习习近平总书记在“不忘初心、牢记使命”主题教育总结大会上重要讲话精神和《2019—2023年全国党政领导班子建设规划纲要》精神,http://news.bnu.edu.cn/zx/ttgz/115087.htm,445
2020-01-10,北京师范大学召开2019年度校领导班子与成员考核述职暨干部选拔任用“一报告两评议”会议,http://news.bnu.edu.cn/zx/ttgz/115071.htm,740
2020-01-10,北京师范大学召开2019年度中层领导班子和领导干部述职评议会,http://news.bnu.edu.cn/zx/ttgz/115057.htm,1643
2020-01-08,北京师范大学党委获评第二批全国党建工作示范高校培育创建单位,http://news.bnu.edu.cn/zx/ttgz/115033.htm,1607
2020-01-08,2019，精彩依旧 北师大“月度汉字”·年度新闻盘点,http://news.bnu.edu.cn/zx/ttgz/115011.htm,1458
2020-01-07,北师大19个专业入选首批国家级一流本科专业建设点,http://news.bnu.edu.cn/zx/ttgz/115020.htm,8156
2020-01-06,【光明日报】韩震：新时代加强公民道德建设的重要意义,http://news.bnu.edu.cn/zx/ttgz/114966.htm,1083
2020-01-06,学校召开离退休教职工校情通报会,http://news.bnu.edu.cn/zx/ttgz/114982.htm,1677
2020-01-02,北京师范大学党委理论学习中心组专题学习习近平总书记在中央政治局第十九次集体学习时的重要讲话精神,http://news.bnu.edu.cn/zx/ttgz/114933.htm,1109
2020-01-02,北京师范大学举办“颂祖国、庆元旦”新年联欢会,http://news.bnu.edu.cn/zx/ttgz/114913.htm,1825
2019-12-31,【光明日报】韩震：推动理想信念教育常态化制度化,http://news.bnu.edu.cn/zx/ttgz/114882.htm,308
2019-12-31,北师大召开2018-2019学年度表彰大会,http://news.bnu.edu.cn/zx/ttgz/114879.htm,2624
2019-12-31,北师大举办中小学（中职）语文国家教材建设重点研究基地揭牌仪式暨语文教材建设学术研讨会,http://news.bnu.edu.cn/zx/ttgz/114878.htm,945
2019-12-30,《2019中央企业、中国大学、中国城市海外网络传播力系列报告》在北师大发布,http://news.bnu.edu.cn/zx/ttgz/114850.htm,618
2019-12-26,董奇主持召开内部控制建设领导小组会议,http://news.bnu.edu.cn/zx/ttgz/114810.htm,1122
2019-12-25,冯刚、王振：以文化人在国家治理现代化中的价值意蕴,https://mp.weixin.qq.com/s/EhtZM6LdFoGXaZO-gtVmeQ,1
2019-12-20,广东省政府副秘书长陈岸明一行调研北师大,http://news.bnu.edu.cn/zx/ttgz/114568.htm,1378
2019-12-20,程建平赴珠海园区调研 ,http://news.bnu.edu.cn/zx/ttgz/114556.htm,2369
2019-12-19,北师大举行第二十届十佳大学生评选大会暨颁奖典礼,http://news.bnu.edu.cn/zx/ttgz/114536.htm,2214
2019-12-19,北师大举办“聚力青海·闪耀青春”青海省2019年引才专场宣讲会,http://news.bnu.edu.cn/zx/ttgz/114561.htm,1100
2019-12-19,中国政法实务大讲堂首次走进北师大 中央政法委副秘书长景汉朝为法学院师生授课,http://news.bnu.edu.cn/zx/ttgz/114513.htm,537
2019-12-16,北京师范大学举行第十届“相聚之歌——北京留学生之夜”,http://news.bnu.edu.cn/zx/ttgz/114447.htm,2224
2019-12-13,北京师范大学举行120周年校庆倒计时1000天启动仪式,http://news.bnu.edu.cn/zx/ttgz/114430.htm,3282
2019-12-09,北京师范大学2019年京师青年学者论坛举行,http://news.bnu.edu.cn/zx/ttgz/114317.htm,3471
2019-12-09,北京师范大学党委召开“不忘初心、牢记使命”主题教育专题民主生活会,http://news.bnu.edu.cn/zx/ttgz/114290.htm,1201
2019-12-09,北师大举办时代青年说：“大国攻坚•决战2020”——精准扶贫与青年担当专题论坛暨演讲比赛,http://news.bnu.edu.cn/zx/ttgz/114285.htm,991
2019-12-09,高等师范院校基础教育工作研究会第七届年会举行,http://news.bnu.edu.cn/zx/ttgz/114310.htm,466
2019-12-05,广东省国强公益基金会向北师大捐赠设立凉山教育扶贫基金,http://news.bnu.edu.cn/zx/ttgz/114210.htm,932
2019-12-05,【光明日报】王树荫：厘清立德树人根本任务中“德”的含义,http://news.bnu.edu.cn/zx/ttgz/114190.htm,639
2019-12-04,顾明远、滕珺：《中国教育现代化2035》与全球可持续发展教育目标实现,https://mp.weixin.qq.com/s/QvRNEMMRmly1h8L5_QEFKg,1
2019-12-03,教育学科服务国家重大战略发展研讨会暨北京师范大学教育学部成立十周年庆典举行,http://news.bnu.edu.cn/zx/ttgz/114127.htm,1802
2019-12-03,“展望未来——北师大-卡迪夫大学合作发布会”暨战略合作伙伴签约仪式在京举行,http://news.bnu.edu.cn/zx/ttgz/114104.htm,857
2019-12-02,第二届最美教师志愿者颁奖典礼在北师大举行,http://news.bnu.edu.cn/zx/ttgz/114055.htm,1759
2019-11-28,中央第一指导组深入北师大昌平校园调研主题教育推进工作 与教育学部师生代表座谈交流,http://news.bnu.edu.cn/zx/ttgz/113972.htm,2016
2019-11-27,“星空”之下  师魂永存——大型多媒体音画剧诗《星空》在北师大上演,http://news.bnu.edu.cn/zx/ttgz/113964.htm,1521
2019-11-27,QS正式公布2020亚洲大学排名 北师大位列内地高校第10名,https://open.work.weixin.qq.com/wwopen/mpnews?mixuin=aBAGBgAABwBUhAR2AAAUAA&mfid=WW0327-kdB9zgAABwDxsHXYJmqohQy1NRh3b&idx=0&sn=3148668b642dd9db91605d9c111140d7,1
2019-11-26,北师大9项目入选2019年国家社科基金重大项目拟立项公示名单,http://news.bnu.edu.cn/zx/ttgz/113931.htm,1816
2019-11-26,GES 2019未来教育大会开幕 多元视角聚焦未来教育,http://news.bnu.edu.cn/zx/ttgz/113918.htm,912
2019-11-24,教博会3.0时代：奏响教育创新更强音——第五届中国教育创新成果公益博览会闭幕,http://news.bnu.edu.cn/zx/ttgz/113874.htm,1103
2019-11-22,北师大举办“不忘初心、牢记使命”主题教育专题活动暨 2019-2020学年第一次“校领导接待日”,http://news.bnu.edu.cn/zx/ttgz/113869.htm,2470
2019-11-22,【光明日报】程建平：践行教育报国 培养大国良师,http://news.bnu.edu.cn/zx/ttgz/113835.htm,1209
2019-11-22,【光明日报】主题教育之北师大篇：结合中心工作 培养“四有”好老师,http://news.bnu.edu.cn/zx/ttgz/113833.htm,480
2019-11-21,程建平赴地理科学学部调研,http://news.bnu.edu.cn/zx/ttgz/113815.htm,751
2019-11-20,【人民论坛】戚聿东：深刻理解社会主义基本经济制度的新内涵,http://news.bnu.edu.cn/zx/ttgz/113763.htm,486
2019-11-20,2018年国家义务教育质量监测数学、体育与健康监测结果报告发布,http://news.bnu.edu.cn/zx/ttgz/113760.htm,395
2019-11-20,汇聚·碰撞·变革：教育创新提升中国力量  ——第五届中国教育创新成果公益博览会开幕,http://news.bnu.edu.cn/zx/ttgz/113757.htm,3115
2019-11-19,【人民网】章文光：化制度优势为治理效能 探寻“中国之治”的“制度密码”,http://news.bnu.edu.cn/zx/ttgz/113673.htm,338
2019-11-18,韩震教授接受《焦点访谈》采访 为推动新时代公民道德建设发声,http://news.bnu.edu.cn/zx/ttgz/113657.htm,611
2019-11-18,北京师范大学服务保障国庆活动宣讲赴陕西高校开展宣讲,http://news.bnu.edu.cn/zx/ttgz/113648.htm,329
2019-11-16,校领导班子讲授“不忘初心、牢记使命”主题教育专题党课,https://open.work.weixin.qq.com/wwopen/mpnews?mixuin=aBAGBgAABwA23JmHAAAUAA&mfid=WW0315-YLDBNQAABwAA0MkjplUHfgmeA2N3b&idx=0&sn=ce91eea8b046deb7ecba460d0ef0499d,2
2019-11-15,学校党委理论学习中心组专题学习习近平总书记在十九届四中全会上作的工作报告和在中央政治局第十八次集体学习时的重要讲话,http://news.bnu.edu.cn/zx/ttgz/113565.htm,435
2019-11-15,【教育部网站报道】北京师范大学以“三个坚持”扎实推进主题教育,http://news.bnu.edu.cn/zx/ttgz/113560.htm,397
2019-11-13,北京师范大学举办第十七届中国水论坛,http://news.bnu.edu.cn/zx/ttgz/113511.htm,1266
2019-11-11,“学习贯彻党的十九届四中全会精神 推进社会治理现代化研讨会”在北京师范大学召开,http://news.bnu.edu.cn/zx/ttgz/113454.htm,795
2019-11-11,董奇讲授“不忘初心、牢记使命”主题教育专题党课,http://news.bnu.edu.cn/zx/ttgz/113337.htm,635
2019-11-11,北师大召开全面从严治党暨主题教育警示教育大会,http://news.bnu.edu.cn/zx/ttgz/113263.htm,482
2019-11-11,西北师范大学一行来访北师大,http://news.bnu.edu.cn/zx/ttgz/113259.htm,847
2019-11-11,北师大本科生团队BNU-China再获iGEM金奖并入围最佳单项奖提名,http://news.bnu.edu.cn/zx/ttgz/113458.htm,1252
2019-11-08,程建平、董奇一行赴昌平区委区政府调研交流,http://news.bnu.edu.cn/zx/ttgz/113225.htm,902
2019-11-08,程建平讲授“不忘初心、牢记使命” 主题教育专题党课,http://news.bnu.edu.cn/zx/ttgz/113222.htm,561
2019-11-08,北师大党委理论学习中心组专题学习中国共产党第十九届中央委员会第四次全体会议精神,http://news.bnu.edu.cn/zx/ttgz/113194.htm,519
2019-11-07,一图读懂《中共中央关于坚持和完善中国特色社会主义制度 推进国家治理体系和治理能力现代化若干重大问题的决定》,https://open.work.weixin.qq.com/wwopen/mpnews?mixuin=aBAGBgAABwA23JmHAAAUAA&mfid=WW0307-JTAD8wAABwBFUAvl2NDIuAJQnea3b&idx=0&sn=6e7001e3d7feeb8e4524b5ae5098da95,1
2019-11-06,北师大领导班子召开“不忘初心、牢记使命”主题教育调研成果交流会,http://news.bnu.edu.cn/zx/ttgz/113106.htm,445
2019-11-05,【新华社】北京师范大学教授解读十九届四中全会公报：推进国家治理现代化的新思路,http://news.bnu.edu.cn/zx/ttgz/113014.htm,941
2019-11-04,北京师范大学举办第二届教材高峰论坛,http://news.bnu.edu.cn/zx/ttgz/113035.htm,1319
2019-11-04,北京师范大学托育服务发展论坛在北京会议中心举办,http://news.bnu.edu.cn/zx/ttgz/113012.htm,1878
2019-11-04,【人民日报】瞿林东：探索史学历史 促进史学发展（构建中国特色哲学社会科学） ——新中国70年史学史研究的繁荣发展,http://news.bnu.edu.cn/zx/ttgz/112955.htm,402
2019-11-02,【中国教育报】韩震：用好教材这一思政教育“地图”,http://news.bnu.edu.cn/zx/ttgz/112915.htm,474
2019-11-01,北师大召开文理科学报编委会换届会议暨学校一流期刊建设座谈会,http://news.bnu.edu.cn/zx/ttgz/112894.htm,1615
2019-10-31,北师大领导班子召开对照党章党规找差距专题会议,http://news.bnu.edu.cn/zx/ttgz/112874.htm,920
2019-10-31,班主任程建平老师参加北师大教育学部2017级教育1班主题党团日活动,https://open.work.weixin.qq.com/wwopen/mpnews?mixuin=aBAGBgAABwA23JmHAAAUAA&mfid=WW0331-Sl2fMAAABwAqPZcmb6Qtew43aEe3a&idx=0&sn=8354dfeabaa1f06edbff7d9a598ecd48,2
2019-10-31,北师大举办哲学系成立40周年暨“思想与时代：新中国哲学70年”学术研讨会,http://news.bnu.edu.cn/zx/ttgz/112815.htm,761
2019-10-30,2019软科中国最好学科排名公布！北师大3学科位列全国第一！,http://news.bnu.edu.cn/zx/ttgz/112799.htm,4133
2019-10-28,北师大举行“不忘初心、牢记使命”主题教育专题活动暨新中国成立70周年庆祝活动总结表彰大会,http://news.bnu.edu.cn/zx/ttgz/112701.htm,1840
2019-10-28,北师大党委理论学习中心组深入开展“全面从严治党、坚守廉洁自律”主题集中学习研讨,http://news.bnu.edu.cn/zx/ttgz/112678.htm,839
2019-10-24,北师大举行第四届“明远教育奖”颁奖典礼,http://news.bnu.edu.cn/zx/ttgz/112515.htm,1290
2019-10-24,董奇在部分职能部门中开展 “不忘初心、牢记使命”主题教育调研,http://news.bnu.edu.cn/zx/ttgz/112493.htm,531
2019-10-23,程建平赴资产经营公司开展“不忘初心、牢记使命”主题教育调研,http://news.bnu.edu.cn/zx/ttgz/112462.htm,890
2019-10-23,董奇赴文学院与学部院系代表开展 “不忘初心、牢记使命”主题教育调研,http://news.bnu.edu.cn/zx/ttgz/112413.htm,463
2019-10-22,【光明日报】张琦、孔梅：不同地区脱贫攻坚冲刺阶段的工作重点,http://news.bnu.edu.cn/zx/ttgz/112404.htm,264
2019-10-22,北师大党委理论学习中心组围绕“全面从严治党、坚守廉洁自律”主题开展专题学习研讨,http://news.bnu.edu.cn/zx/ttgz/112403.htm,1444
2019-10-22,北师大党委理论学习中心组深入学习研讨习近平总书记关于教育的重要论述,http://news.bnu.edu.cn/zx/ttgz/112396.htm,525
2019-10-22,北京师范大学2019级学生军训结训典礼举行,http://news.bnu.edu.cn/zx/ttgz/112389.htm,1324
2019-10-22,【光明日报】女排精神为何历久弥新 ——专家学者谈学习和发扬新时代女排精神,http://news.bnu.edu.cn/zx/ttgz/112382.htm,309
2019-10-22,北师大举办高校立德树人落实机制及评估监测咨询会,http://news.bnu.edu.cn/zx/ttgz/112397.htm,521
2019-10-21,北京师范大学·珠海众创空间正式启动,http://news.bnu.edu.cn/zx/ttgz/112375.htm,308
2019-10-21,第十一届国际研究生奖学金信息说明会在北师大举办,http://news.bnu.edu.cn/zx/ttgz/112363.htm,1203
2019-10-20,北师大举办新时代的中国女排精神高端论坛,http://news.bnu.edu.cn/zx/ttgz/112321.htm,2314
2019-10-19,程建平赴中国扶贫研究院开展“不忘初心、牢记使命”主题教育调研,http://news.bnu.edu.cn/zx/ttgz/112313.htm,1144
2019-10-18,【学习时报】董奇：加快制定基础教育质量评价标准,http://news.bnu.edu.cn/zx/ttgz/112279.htm,2865
2019-10-15,中央第一指导组调研马克思主义学院建设情况,http://news.bnu.edu.cn/zx/ttgz/112164.htm,1193
2019-10-15,北师大新增3个博士后科研流动站,http://news.bnu.edu.cn/zx/ttgz/112162.htm,1827
2019-10-15,礼赞七十年 同心齐筑梦——北师大珠海园区举行庆祝新中国成立70周年暨2019年迎新晚会,http://news.bnu.edu.cn/zx/ttgz/112154.htm,1009
2019-10-14,校领导深入一线开展“不忘初心、牢记使命”主题教育调研,http://news.bnu.edu.cn/zx/ttgz/112108.htm,956
2019-10-14,“人民教育家”高铭暄教授刑法教育思想座谈会举办,http://news.bnu.edu.cn/zx/ttgz/112133.htm,286
2019-10-14,《听林崇德老师讲基础教育》成果发布暨基础教育研讨会举办,http://news.bnu.edu.cn/zx/ttgz/112095.htm,921
2019-10-14,北师大举行2019年新教师入职培训,http://news.bnu.edu.cn/zx/ttgz/112110.htm,439
2019-10-12,北师大党委理论学习中心组专题学习研讨习近平总书记关于教育的重要论述,http://news.bnu.edu.cn/zx/ttgz/112047.htm,576
2019-10-12,董奇参加财经审计内控联合党支部“我的初心与使命”主题党日活动,http://news.bnu.edu.cn/zx/ttgz/112085.htm,265
2019-10-12,北师大举行2019年“仲英青年学者”聘任仪式,http://news.bnu.edu.cn/zx/ttgz/112038.htm,860
2019-10-12,北师大召开2019年专业技术高级岗位聘任大会,http://news.bnu.edu.cn/zx/ttgz/112037.htm,2134
2019-10-11,北师大召开“不忘初心、牢记使命”主题教育学部院系工作推进会,http://news.bnu.edu.cn/zx/ttgz/112004.htm,644
2019-10-11,中共中央追授黄文秀同志“全国优秀共产党员”称号,http://news.bnu.edu.cn/zx/ttgz/111993.htm,1674
2019-10-10,北师大党委理论中心组专题学习《党政领导干部考核工作条例》,http://news.bnu.edu.cn/zx/ttgz/111977.htm,277
2019-10-09,【参考消息】胡必亮：“一带一路”给全球带来发展新机遇,http://news.bnu.edu.cn/zx/ttgz/111960.htm,805
2019-10-09,北师大党委理论学习中心组专题学习习近平总书记在庆祝中华人民共和国成立70周年大会上的重要讲话精神,http://news.bnu.edu.cn/zx/ttgz/111939.htm,752
2019-10-08,擦亮北师大金字招牌！“清尘计划”维权打假多战告捷！,https://mp.weixin.qq.com/s/EPo3wywOnt_ntVTZczMuDA,2
2019-10-08,北京师范大学举行庆祝新中国成立70周年活动誓师动员大会,http://news.bnu.edu.cn/zx/ttgz/111918.htm,462
2019-10-07,“不忘初心、牢记使命”——北京师范大学领导班子赴高新企业和兄弟院校学习调研,https://open.work.weixin.qq.com/wwopen/mpnews?mixuin=aBAGBgAABwA23JmHAAAUAA&mfid=WW0307-0cR_JwAABwCxpHYxkRHsbAe2R7W3a&idx=0&sn=68568aba9b04a697cb3e75ae456d513a,1
2019-09-29,北京师范大学党委理论学习中心组集中学习研讨习近平总书记关于“不忘初心、牢记使命”主题教育重要讲话和加强党的政治建设重要论述精神,http://news.bnu.edu.cn/zx/ttgz/111815.htm,1298
2019-09-28,董奇一行出席联合国神经科学与未来教育及学习高级别论坛并访问多所韩国合作机构,http://news.bnu.edu.cn/zx/ttgz/111801.htm,1800
2019-09-27,程建平参加机关党委党校办支部“不忘初心、牢记使命”主题教育动员会,http://news.bnu.edu.cn/zx/ttgz/111800.htm,2030
2019-09-26,北师大资深教授刘家和先生为历史学院励耘书院本科生讲授经典,http://news.bnu.edu.cn/zx/ttgz/111761.htm,1852
2019-09-26,【光明日报】瞿林东：成就、反思与新的前景 ——新中国史学70年发展大势,http://news.bnu.edu.cn/zx/ttgz/111728.htm,401
2019-09-26,听国庆群众游行总导演、北师大艺术与传媒学院副院长肖向荣揭秘十一看点！,https://mp.weixin.qq.com/s/VwHapyI3LqCm7IIUY9mi1Q,1
2019-09-25,李晓兵赴珠海校区调研学生工作并作新生入学教育专题讲座,http://news.bnu.edu.cn/zx/ttgz/111696.htm,871
2019-09-25,北师大历史学院瞿林东、晁福林、郑师渠、杨共乐四位教授进入中国历史研究院学术委员会、学术咨询委员会,http://news.bnu.edu.cn/zx/ttgz/111680.htm,2507
2019-09-25,【教育部网站】北京师范大学精心组织开展庆祝新中国成立70周年系列活动,http://news.bnu.edu.cn/zx/ttgz/111675.htm,829
2019-09-25,孙红培一行看望北师大“庆祝中华人民共和国成立70周年纪念章”获得者,http://news.bnu.edu.cn/zx/ttgz/111682.htm,545
2019-09-25,董奇一行出访俄罗斯并出席中俄综合性大学校长圆桌论坛,http://news.bnu.edu.cn/zx/ttgz/111666.htm,570
2019-09-24,“同心同行七十年，不忘初心共奋进” 北京师范大学统一战线庆祝新中国成立七十周年座谈会举办,http://news.bnu.edu.cn/zx/ttgz/111658.htm,1182
2019-09-24,《青藏高原历史文化丛书》出版,http://news.bnu.edu.cn/zx/ttgz/111633.htm,461
2019-09-23,北师大召开2019-2020学年秋季学期教学工作会,http://news.bnu.edu.cn/zx/ttgz/111638.htm,589
2019-09-23,【光明日报】萧放：根植传统 肩负当代——写在中国农民丰收节周岁之际,http://news.bnu.edu.cn/zx/ttgz/111600.htm,490
2019-09-21,爱国崇教 | 沉痛悼念北京师范大学名誉教授曾宪梓博士！,https://mp.weixin.qq.com/s/UM_jEn1NdCKBTi201BpDWA,1
2019-09-20,北京师范大学举行“不忘初心、牢记使命” ——“红色特工”刘光典烈士英雄事迹专题报告会,http://news.bnu.edu.cn/zx/ttgz/111576.htm,1251
2019-09-19,【中国青年报】北师大“发展中国家硕士项目”留学生：我们要把中国经验带回自己的国家,http://news.bnu.edu.cn/zx/ttgz/111564.htm,189
2019-09-19,程建平赴西城校园（原辅仁大学校园）调研,http://news.bnu.edu.cn/zx/ttgz/111558.htm,1650
2019-09-19,【光明日报】热血诠释爱国 奋斗书写青春——北师大2019暑期学生社会实践纪实,http://news.bnu.edu.cn/zx/ttgz/111549.htm,1167
2019-09-19,【光明日报】《说文解字》数字化：推动经典现代化转型,http://news.bnu.edu.cn/zx/ttgz/111548.htm,288
2019-09-18,教育部举行首批国家教材建设重点研究基地工作启动会暨授牌仪式 北师大两个基地接受国家教材建设重点基地授牌,http://news.bnu.edu.cn/zx/ttgz/111551.htm,345
2019-09-18,北师大师生共学“时代楷模”黄文秀同志先进事迹,http://news.bnu.edu.cn/zx/ttgz/111521.htm,2248
2019-09-18,【光明日报】张琦：从温饱迈向全面小康的跨越 ,http://news.bnu.edu.cn/zx/ttgz/111514.htm,214
2019-09-18,高铭暄教授被授予“人民教育家”国家荣誉称号,http://news.bnu.edu.cn/zx/ttgz/111504.htm,2509
2019-09-18,冯刚、陈步云：深刻把握新时代思政课“八个统一”的建设规律,http://news.bnu.edu.cn/zx/ttgz/111502.htm,252
2019-09-17,庆祝中华人民共和国成立70周年 北京师范大学书法绘画摄影展开展,http://news.bnu.edu.cn/zx/ttgz/111439.htm,666
2019-09-17,《历史视野下的中华民族精神》入选中华人民共和国建国70周年外译百部图书工程,http://news.bnu.edu.cn/zx/ttgz/111552.htm,421
2019-09-16,北师大学科教育团队喜获多项国家级教学成果,http://news.bnu.edu.cn/zx/ttgz/111422.htm,2209
2019-09-12,北京师范大学召开“不忘初心、牢记使命”主题教育动员部署会,http://news.bnu.edu.cn/zx/ttgz/111389.htm,2817
2019-09-12,《人民论坛》发表北师大章文光教授主持的国务院扶贫办建档立卡专项评估检查项目系列研究成果,http://news.bnu.edu.cn/zx/ttgz/111388.htm,760
2019-09-12,北京师范大学党委理论学习中心组专题学习贯彻习近平总书记在中央和国家机关党的建设工作会议上重要讲话精神,http://news.bnu.edu.cn/zx/ttgz/111384.htm,730
2019-09-12,北师大首次参加泰晤士高等教育世界大学排名,http://news.bnu.edu.cn/zx/ttgz/111379.htm,1703
2019-09-10,我师过节，南北共谱新“师”篇！,https://mp.weixin.qq.com/s/R19A1VXqZrVZe96LsVcnUg,1
2019-09-10,2019年优秀特岗教师巡回报告会在北师大举行,http://news.bnu.edu.cn/zx/ttgz/111307.htm,530
2019-09-10,京师百年弘教化，粤海千里再扬帆 ——写在北京师范大学珠海校区教师教育改革探索之初,http://news.bnu.edu.cn/zx/ttgz/111299.htm,4310
2019-09-10,北师大珠海园区举行庆祝第35个教师节“四有好老师”专题报告会,http://news.bnu.edu.cn/zx/ttgz/111297.htm,1291
2019-09-08,北师大珠海校区开展2019级新生入学教育,http://news.bnu.edu.cn/zx/ttgz/111278.htm,1198
2019-09-06,《〈说文解字〉同源字新证》出版暨 “数字化《说文解字》”平台上线联合发布会在京举行,http://news.bnu.edu.cn/zx/ttgz/111283.htm,459
2019-09-06,择一事终一生，献礼新中国第35个教师节——电影《一生只为一事来》首映礼在北师大举行,http://news.bnu.edu.cn/zx/ttgz/111273.htm,2126
2019-09-06,资深教授王宁老师给未来教育学院新生“说文解字”,http://news.bnu.edu.cn/zx/ttgz/111269.htm,1326
2019-09-06,5G助力北师大2019智慧迎新，有“新”更有“心”,https://open.work.weixin.qq.com/wwopen/mpnews?mixuin=aBAGBgAABwA1JHIvAAAUAA&mfid=WW0306-WRsT2AAABwA5exvO97Rqkw18bRc39&idx=0&sn=0ece9f77214b6c1d3acf2e31175f16ab,1
2019-09-06,北师大优秀校友黄文秀入选第七届全国道德模范,http://news.bnu.edu.cn/zx/ttgz/111256.htm,1372
2019-09-05,【光明日报】张铭雨：民国时期清华学人“破格”录取的历史考察 ——兼论史实考证与历史虚无主义批驳,http://news.bnu.edu.cn/zx/ttgz/111251.htm,567
2019-09-05,北师大集中开展北京校区2019级本科新生入学教育,http://news.bnu.edu.cn/zx/ttgz/111254.htm,648
2019-09-03,北师大珠海校区未来教育学院开课了！,http://news.bnu.edu.cn/zx/ttgz/111210.htm,1925
2019-09-03,新学年开启：您有一份电影家书，请注意查收！——纪录电影《零零后》全国首映礼  ,http://news.bnu.edu.cn/zx/ttgz/111195.htm,928
2019-09-03,“回音计划”播放量1.3亿收官！全国师范院校联庆活动火热开启,http://news.bnu.edu.cn/zx/ttgz/111188.htm,634
2019-09-02,﻿北京师范大学举行北京校区2019级新生开学典礼,http://news.bnu.edu.cn/zx/ttgz/111171.htm,3652
2019-09-02,北京师范大学北京校区喜迎2019级新生,http://news.bnu.edu.cn/zx/ttgz/111156.htm,1574
2019-09-02,做勇担时代使命的北师大人——董奇校长在北京校区2019年开学典礼上的讲话,http://news.bnu.edu.cn/zx/ttgz/111150.htm,2711
2019-09-01,北京师范大学举行珠海校区首届新生开学典礼,http://news.bnu.edu.cn/zx/ttgz/111144.htm,6274
2019-08-30,立大志、擅学习、力践行 | 北京师范大学珠海分校举行2019级本科生开学典礼,https://mp.weixin.qq.com/s/D_9Kzp0kImhTi2uqKl2RLg,1
2019-08-29,北师大召开2019年暑期干部会 部署新学期重点工作,http://news.bnu.edu.cn/zx/ttgz/111120.htm,1525
2019-08-29,北师大珠海分校迎新！我们和南国北师一见钟情！,https://mp.weixin.qq.com/s/wjocjHuGJoxTcmKjFOMAUg,1
2019-08-28,全国社科工作办主任姜培茂一行考察北师大中国教育与社会发展研究院,http://news.bnu.edu.cn/zx/ttgz/111110.htm,1308
2019-08-26,教育部长陈宝生一线走访，面对面听取顾明远等专家意见建议,http://news.bnu.edu.cn/zx/ttgz/111072.htm,1943
2019-08-25,《2019全球教育机器人发展白皮书》在京发布,http://news.bnu.edu.cn/zx/ttgz/111069.htm,589
2019-08-25,北京师范大学举行“不忘初心、牢记使命”暑期领导干部专题读书班暨党委理论中心组集体学习,http://news.bnu.edu.cn/zx/ttgz/111065.htm,1192
2019-08-24,北师大举办2019毕业秩年校友返校活动,http://news.bnu.edu.cn/zx/ttgz/111062.htm,2532
2019-08-23,北师大艺术与传媒学院联合抖音启动全民美育“DOU艺计划”,http://news.bnu.edu.cn/zx/ttgz/111052.htm,588
2019-08-20,“一带一路”2019学术出版论坛：连通中西暨《中外出版原著选读》首发式在北师大举行,http://news.bnu.edu.cn/zx/ttgz/111046.htm,792
2019-08-06,章文光：决胜脱贫攻坚背景下的“六个精准”实践分析,http://news.bnu.edu.cn/zx/ttgz/110978.htm,1232
2019-08-06,【人民日报】程建平：立德树人的关键课程,http://news.bnu.edu.cn/zx/ttgz/110977.htm,1976
2019-08-04,程建平一行赴北师大宣城学校调研指导,http://news.bnu.edu.cn/zx/ttgz/110971.htm,1739
2019-08-01,“A.I.+教育 跨界融合与创新发展”2019人工智能与教育大数据峰会在京开幕,http://news.bnu.edu.cn/zx/ttgz/110963.htm,2980
2019-07-30,中宣部副部长慎海雄赴首都文化创新与文化传播工程研究院调研,http://news.bnu.edu.cn/zx/ttgz/110948.htm,3675
2019-07-27,董奇一行看望广西、四川校友代表,http://news.bnu.edu.cn/zx/ttgz/110927.htm,1266
2019-07-27,北师大张琦教授参加全国政协第26次双周协商座谈会建言献策,http://news.bnu.edu.cn/zx/ttgz/110929.htm,1386
2019-07-25,北师大第二次青藏高原综合科学考察研究出征仪式在京举行,http://news.bnu.edu.cn/zx/ttgz/110910.htm,2490
2019-07-25,北京师范大学与成都市人民政府签署战略合作框架协议,http://news.bnu.edu.cn/zx/ttgz/110906.htm,1820
2019-07-24,北京师范大学与广西壮族自治区人民政府签署教育合作协议,http://news.bnu.edu.cn/zx/ttgz/110904.htm,1022
2019-07-23,北京师范大学、东方电气集团教育帮扶凉山州昭觉县,http://news.bnu.edu.cn/zx/ttgz/110872.htm,629
2019-07-22,【光明日报】程建平：不忘初心，牢记使命 坚定不移做好立德树人工作,http://news.bnu.edu.cn/zx/ttgz/110860.htm,979
2019-07-22,光明日报推出北师大优秀毕业生群体系列报道之三——时代楷模就在我们身边,http://news.bnu.edu.cn/zx/ttgz/110859.htm,1053
2019-07-21,这里，将成为世界深地物理实验中心 ——对话北京师范大学党委书记、清华大学双聘教授、“极深地下极低辐射 本底前沿物理实验设施”项目负责人程建平,http://news.bnu.edu.cn/zx/ttgz/110856.htm,1009
2019-07-19,2019—2020年度“文脉颂中华·非物质文化遗产新媒体传播”主题活动启动,http://news.bnu.edu.cn/zx/ttgz/110852.htm,510
2019-07-19,北师大等13所高校“组团式”支援西昌民族幼儿师范高等专科学校,http://news.bnu.edu.cn/zx/ttgz/110839.htm,864
2019-07-19,不仅仅是五届中学生中华传统文化传承高端论坛——北京师大二附中多角度全方位探索传统文化育人,http://news.bnu.edu.cn/zx/ttgz/110830.htm,1094
2019-07-18,北师大党委召开加强党的政治建设专题民主生活会,http://news.bnu.edu.cn/zx/ttgz/110822.htm,608
2019-07-18,北师大举办“母校情·北京行”社会调查项目学生骨干座谈会,http://news.bnu.edu.cn/zx/ttgz/110816.htm,953
2019-07-17,中华全国总工会追授黄文秀同志全国五一劳动奖章,http://news.bnu.edu.cn/zx/ttgz/110801.htm,958
2019-07-16,2019年北师大珠海分校“母校情·北京行”活动启动,http://news.bnu.edu.cn/zx/ttgz/110785.htm,4332
2019-07-15,第五届崇德学术论坛在北师大召开,http://news.bnu.edu.cn/zx/ttgz/110768.htm,833
2019-07-15,【中国教育报】顾明远：使每个孩子享有公平而有质量的教育,http://news.bnu.edu.cn/zx/ttgz/110742.htm,657
2019-07-12,大力振兴教师教育！教育部成立三个委员会，北师大13位专家入选,http://news.bnu.edu.cn/zx/ttgz/110734.htm,2831
2019-07-12,第二届对口支援青海师范大学高校联席会议在兰州大学召开,http://news.bnu.edu.cn/zx/ttgz/110726.htm,1256
2019-07-12,程建平看望甘肃校友代表,http://news.bnu.edu.cn/zx/ttgz/110703.htm,895
2019-07-11, “中国好老师”公益行动计划2019全国育人论坛在天津、湖南、河南、陕西举行,http://news.bnu.edu.cn/zx/ttgz/110701.htm,577
2019-07-10,“加快构建中国特色哲学学科体系、学术体系、话语体系”学术会议在北师大举办,http://news.bnu.edu.cn/zx/ttgz/110681.htm,951
2019-07-10,【光明日报】杨耕：把哲学融入生命活动之中,http://news.bnu.edu.cn/zx/ttgz/110690.htm,633
2019-07-09,【光明日报】董奇：提升思政课铸魂育人实效,http://news.bnu.edu.cn/zx/ttgz/110653.htm,450
2019-07-09,陈吉宁在昌平区调研时强调 创新机制模式 增强工作合力 进一步加快推动沙河高教园区建设,http://news.bnu.edu.cn/zx/ttgz/110651.htm,1185
2019-07-08,北师大举办第九届中国社会治理论坛,http://news.bnu.edu.cn/zx/ttgz/110643.htm,991
2019-07-08,光明日报推出北师大优秀毕业生群体系列报道之二——记北京师范大学公费师范生群体,http://news.bnu.edu.cn/zx/ttgz/110613.htm,1407
2019-07-07,2019“看中国·外国青年影像计划”展映式在北京师范大学举办,http://news.bnu.edu.cn/zx/ttgz/110619.htm,1737
2019-07-05,光明日报推出北师大优秀毕业生群体系列报道之一——访北京师范大学选调生群体,http://news.bnu.edu.cn/zx/ttgz/110595.htm,1571
2019-07-05,生态环境部与北京师范大学签署战略合作框架协议,http://news.bnu.edu.cn/zx/ttgz/110592.htm,1246
2019-07-04,北京师范大学党委理论学习中心组专题学习《党政领导干部选拔任用工作条例》,http://news.bnu.edu.cn/zx/ttgz/110586.htm,463
2019-07-01,北京师范大学党委理论学习中心组专题学习习近平总书记对黄文秀同志先进事迹的重要指示精神,http://news.bnu.edu.cn/zx/ttgz/110477.htm,2422
2019-07-01,北京师范大学党委发布《关于深入贯彻落实习近平总书记重要指示精神 广泛开展向黄文秀同志学习活动的通知》,http://news.bnu.edu.cn/zx/ttgz/110481.htm,2053
2019-07-01,北京师范大学召开第七届二次教代会暨第十五届二次工代会,http://news.bnu.edu.cn/zx/ttgz/110462.htm,1155
2019-07-01,北师大举行纪念建党98周年“七一”升旗仪式暨学生党员集体宣誓活动,http://news.bnu.edu.cn/zx/ttgz/110448.htm,1218
2019-07-01,北京师范大学东京校友会正式成立,http://news.bnu.edu.cn/zx/ttgz/110447.htm,496
2019-07-01,习近平对黄文秀同志先进事迹作出重要指示,http://news.bnu.edu.cn/zx/ttgz/110424.htm,4708
2019-07-01,2019年度教育部人文社科重点研究基地重大项目公示 北师大入选8项位列第一,http://news.bnu.edu.cn/zx/ttgz/110420.htm,1045
2019-06-29,北京师范大学召开中层干部大会 进一步推进珠海分校转型升级与珠海校区建设工作,http://news.bnu.edu.cn/zx/ttgz/110405.htm,1887
2019-06-27,北京师范大学举行2019届研究生毕业典礼暨学位授予仪式,http://news.bnu.edu.cn/zx/ttgz/110369.htm,3669
2019-06-27,平台比才华更重要——王晓东学长在2019届研究生毕业典礼上的发言,http://news.bnu.edu.cn/zx/ttgz/110375.htm,2596
2019-06-27,担当时代使命，永葆家国情怀——2019届研究生代表赵千政在毕业典礼上的发言,http://news.bnu.edu.cn/zx/ttgz/110366.htm,770
2019-06-27,新角色、新思维、新行动、新境界 ——校长董奇在2019届研究生毕业典礼上的讲话,http://news.bnu.edu.cn/zx/ttgz/110359.htm,1016
2019-06-26,北京师范大学举行2019届本科生毕业典礼暨学位授予仪式,http://news.bnu.edu.cn/zx/ttgz/110327.htm,3009
2019-06-26,北师大使我们成为最优秀的自己——李金初学长、古丽加汗学长在2019届本科生毕业典礼上的发言,http://news.bnu.edu.cn/zx/ttgz/110324.htm,795
2019-06-26,在北师大，找到属于自己的那片星空——2019届本科毕业生代表贾桂昊在毕业典礼上的发言,http://news.bnu.edu.cn/zx/ttgz/110323.htm,694
2019-06-26,做一个有担当、负责任的人 —— 校长董奇在2019届本科生毕业典礼上的讲话,http://news.bnu.edu.cn/zx/ttgz/110321.htm,848
2019-06-25,北师大举行2019届毕业生集体合影,http://news.bnu.edu.cn/zx/ttgz/110257.htm,2146
2019-06-25,【新闻联播】温静：让思政课为青年立大志 筑梦想,http://news.bnu.edu.cn/zx/ttgz/110235.htm,790
2019-06-25,北京市政协主席吉林出席北京师范大学党的政治建设座谈会,http://news.bnu.edu.cn/zx/ttgz/110236.htm,786
2019-06-24,【新闻联播】“第一书记”黄文秀：初心不灭 青春无悔,http://news.bnu.edu.cn/zx/ttgz/110170.htm,2509
2019-06-22,点一支蜡烛，写一句挽辞，今天我们送别文秀……,https://qy.weixin.qq.com/cgi-bin/wap_getnewsmsg?action=get&__biz=MzIyNTAwNjMxMg==&mixuin=MjE2NDY2NDQ2NzM5Mzc4MjU0NA==&mid=10274011&idx=1&sn=bdb6b439d9747244a85be7699214dc2b&scene=1,3
2019-06-20,不愿说再见丨北师大师生校友深情追忆黄文秀,http://news.bnu.edu.cn/zx/ttgz/110107.htm,9658
2019-06-20,【中国妇女报】驻村扶贫，她一直坚守“长征”信念 ——追记北师大优秀选调生、广西乐业驻村第一书记黄文秀,http://news.bnu.edu.cn/zx/ttgz/110094.htm,1608
2019-06-19,美国地球物理联合会百年庆典中国活动在北京师范大学举办,http://news.bnu.edu.cn/zx/ttgz/110090.htm,1412
2019-06-19,2020QS世界大学排名发布，北师大中国大陆排名第10，世界排名第277,http://news.bnu.edu.cn/zx/ttgz/110074.htm,7058
2019-06-18,​北师大辅导员任雅才入选全国首批“最美高校辅导员”,http://news.bnu.edu.cn/zx/ttgz/110043.htm,1916
2019-06-18,陈丽：“互联网+”时代教育生态体系发展的趋势,http://news.bnu.edu.cn/zx/ttgz/110037.htm,988
2019-06-17,莫言国际写作中心在牛津大学成立,http://news.bnu.edu.cn/zx/ttgz/110028.htm,916
2019-06-17,【中国教育报】《深入学习习近平关于教育的重要论述》出版座谈会发言摘登,http://news.bnu.edu.cn/zx/ttgz/110010.htm,1035
2019-06-15,北师大女篮第七次夺得CUBA全国总冠军,https://qy.weixin.qq.com/cgi-bin/wap_getnewsmsg?action=get&__biz=MzIyNTAwNjMxMg==&mixuin=MjE2NDY2NDQ2NzM5Mzc4MjU0NA==&mid=10267011&idx=1&sn=edecd00c6e397ec3460d81e4ec18326c,1
2019-06-13,【光明日报】庆祝70年·名篇回顾|白寿彝：开展历史教学中的爱国主义思想教育,http://news.bnu.edu.cn/zx/ttgz/109942.htm,650
2019-06-12,北师大举办“我要上典礼”2019届本科生毕业典礼发言代表选拔活动,http://news.bnu.edu.cn/zx/ttgz/109936.htm,2458
2019-06-11,让党的旗帜在象牙塔高扬——从六所中管高校实践看加强党对高校的全面领导,http://news.bnu.edu.cn/zx/ttgz/109912.htm,1035
2019-06-11,教育部哲学社科研究重大课题攻关项目评审公示 北师大4项课题入选位列第一,http://news.bnu.edu.cn/zx/ttgz/109911.htm,1965
2019-06-06,不忘初心 牢记使命 ——北京师范大学党委理论学习中心组集体学习习近平总书记在主题教育工作会议上的重要讲话,http://news.bnu.edu.cn/zx/ttgz/109895.htm,1372
2019-06-06,北京师范大学举办第四届学生党员微党课大赛决赛,http://news.bnu.edu.cn/zx/ttgz/109867.htm,1432
2019-06-04,北师大历史学院获得多项北京市哲学社会科学优秀成果奖,http://news.bnu.edu.cn/zx/ttgz/109836.htm,1568
2019-06-03,北师大举行第七届教代会第一次提案工作交流会,http://news.bnu.edu.cn/zx/ttgz/109864.htm,536
2019-05-30,北京师范大学党委理论学习中心组专题学习《中国共产党支部工作条例（试行）》,http://news.bnu.edu.cn/zx/ttgz/109766.htm,1108
2019-05-29,“领导干部上讲台”国企公开课北京师范大学专场报告会举行,http://news.bnu.edu.cn/zx/ttgz/109761.htm,1138
2019-05-29,中国青年发展报告出炉 近五成认为多做贡献方显价值,http://news.bnu.edu.cn/zx/ttgz/109739.htm,948
2019-05-28,来北师大过暑假！2019年优秀大学生夏令营火热报名中,http://news.bnu.edu.cn/zx/ttgz/109684.htm,6364
2019-05-27,【教育部网站报道】北京师范大学构建“四级防护”体系 加强大学生心理健康教育,http://news.bnu.edu.cn/zx/ttgz/109669.htm,728
2019-05-23,湖南省政协一行来北师大调研中小学生心理健康教育问题,http://news.bnu.edu.cn/zx/ttgz/109621.htm,1058
2019-05-23,【中国教育报】黄荣怀等：人工智能促教育2030议程实现,http://news.bnu.edu.cn/zx/ttgz/109598.htm,568
2019-05-21,不忘教师教育办学初心 勇担立德树人时代使命——全国师范院校宣传思想工作共同体在北师大成立,http://news.bnu.edu.cn/zx/ttgz/109540.htm,3293
2019-05-20,​北师大资深教授刘家和《史苑学步》新书发布暨学术研讨会举行,http://news.bnu.edu.cn/zx/ttgz/109479.htm,914
2019-05-16,北师大举办“亚洲文明对话大会”系列活动——2019“亚洲乡村教育、文化多样性与可持续发展”学术沙龙,http://news.bnu.edu.cn/zx/ttgz/109453.htm,1488
2019-05-15,对口支援西昌民族幼儿师范高等专科学校工作协调会在北师大举行,http://news.bnu.edu.cn/zx/ttgz/109439.htm,3287
2019-05-15,洪秀柱在北京师范大学发表演讲,http://news.bnu.edu.cn/zx/ttgz/109436.htm,3647
2019-05-13,北师大3学科入选北京高校高精尖学科建设公示名单,http://news.bnu.edu.cn/zx/ttgz/109394.htm,3357
2019-05-13,【光明日报】程建平：聚焦立德树人根本任务 努力推进思政课改革创新,http://news.bnu.edu.cn/zx/ttgz/109393.htm,898
2019-05-10,北师大举办直属附校学科教育研究共同体成立大会,http://news.bnu.edu.cn/zx/ttgz/109387.htm,1756
2019-05-10,理性的选择 历史的辉煌 ——《跨越（1949-2019）》丛书“四部曲”出版发行,http://news.bnu.edu.cn/zx/ttgz/109358.htm,952
2019-05-09,北京师范大学党委理论学习中心组专题学习贯彻习近平总书记在纪念五四运动100周年大会上的重要讲话精神,http://news.bnu.edu.cn/zx/ttgz/109344.htm,767
2019-05-09,【中国教育报】王树荫：家国情怀与责任担当,http://news.bnu.edu.cn/zx/ttgz/109338.htm,328
2019-05-07,【人民日报】郑师渠：激励广大青年为民族复兴不懈奋斗,http://news.bnu.edu.cn/zx/ttgz/109299.htm,1130
2019-05-07,【人民日报】熊晓琳：让高深理论“说”家常话,http://news.bnu.edu.cn/zx/ttgz/109294.htm,938
2019-05-05,【中国纪检监察报】王秀梅：携手加强“一带一路”廉洁建设,http://news.bnu.edu.cn/zx/ttgz/109238.htm,388
2019-05-02,【新华网】北京师范大学：培养能面向未来的新时代“四有”好老师,http://news.bnu.edu.cn/zx/ttgz/109236.htm,2073
2019-05-01,蔡奇到北师大调研并与首都青年座谈,http://news.bnu.edu.cn/zx/ttgz/109234.htm,2480
2019-04-30,北师大师生热议习近平总书记在纪念五四运动100周年大会上的重要讲话,http://news.bnu.edu.cn/zx/ttgz/109214.htm,2488
2019-04-30,北师大陈木法院士荣获2019年“首都劳动奖章”,http://news.bnu.edu.cn/zx/ttgz/109196.htm,1172
2019-04-30,北师大党委书记程建平、光明日报社总编辑张政一行赴新闻传播学院调研,http://news.bnu.edu.cn/zx/ttgz/109190.htm,846
2019-04-28,北京市西城区领导来北师大商洽合作事宜,http://news.bnu.edu.cn/zx/ttgz/109111.htm,1157
2019-04-28,增长近16个亿，北师大2019经费预算创历史新高！,http://news.bnu.edu.cn/zx/ttgz/109108.htm,2391
2019-04-27,王守军：“一带一路”与各国发展政策对接，智库可以发挥重要作用,http://news.bnu.edu.cn/zx/ttgz/109085.htm,472
2019-04-27,北师大党委理论学习中心组专题学习习近平总书记近期重要讲话,http://news.bnu.edu.cn/zx/ttgz/109084.htm,572
2019-04-26,程建平出席第二届“一带一路”国际合作高峰论坛智库交流分论坛,http://news.bnu.edu.cn/zx/ttgz/109072.htm,1044
2019-04-26,“一带一路”国际智库合作委员会在京成立 北师大胡必亮教授当选为理事,http://news.bnu.edu.cn/zx/ttgz/109069.htm,947
2019-04-25,​程建平出席马克思主义学院马克思主义基本原理教师党支部党员发展大会,http://news.bnu.edu.cn/zx/ttgz/109062.htm,363
2019-04-24,北师大沙河高教园公租房选房工作顺利完成,http://news.bnu.edu.cn/zx/ttgz/109036.htm,1846
2019-04-23,周作宇一行赴克罗地亚参加首届“一带一路”体育教育论坛,http://news.bnu.edu.cn/zx/ttgz/109001.htm,616
2019-04-23,以爱育人，因梦相聚——“中国好老师”公益行动计划2019校长高级研修班在京举办,http://news.bnu.edu.cn/zx/ttgz/109002.htm,1316
2019-04-22,【人民日报】为学生导入梦想，与学生平等对话，北京师范大学80后思政课教师温静——“有如时雨化之者”,http://news.bnu.edu.cn/zx/ttgz/108934.htm,1530
2019-04-22,【光明日报】聚焦高质量发展 描绘共同体蓝图 ——“一带一路”建设走深走实三人谈,http://news.bnu.edu.cn/zx/ttgz/108933.htm,385
2019-04-18,​北京师范大学烟台分子材料基因组工程研究院正式启动,http://news.bnu.edu.cn/zx/ttgz/108903.htm,986
2019-04-18,北师大党委理论学习中心组专题学习习近平总书记为第五批全国干部学习培训教材所作《序言》精神及中央近期重要文件精神,http://news.bnu.edu.cn/zx/ttgz/108895.htm,1352
2019-04-17,《中国文学海外发展报告（2018）》发布 中国文学走向更多国家和地区,http://news.bnu.edu.cn/zx/ttgz/108852.htm,695
2019-04-15,北京师范大学举办长城论坛暨国家安全与发展战略研究院成立大会,http://news.bnu.edu.cn/zx/ttgz/108780.htm,2020
2019-04-15,北师大资深教授黄会林入选第八届“首都十大教育新闻人物”,http://news.bnu.edu.cn/zx/ttgz/108774.htm,933
2019-04-15,【光明日报】总体国家安全观：维护和塑造国家安全的行动指南,http://news.bnu.edu.cn/zx/ttgz/108767.htm,396
2019-04-12,北师大党委理论学习中心组专题学习习近平总书记近期重要讲话精神,http://news.bnu.edu.cn/zx/ttgz/108747.htm,836
2019-04-11,北师大历史学院多名教师承担并完成《中华大典》编纂工作,http://news.bnu.edu.cn/zx/ttgz/108741.htm,1363
2019-04-10,北京师范大学珠海校区正式获批,http://news.bnu.edu.cn/zx/ttgz/108730.htm,19149
2019-04-10,三治有效融合才能善治振兴——对话北京师范大学教授赵秋雁,http://news.bnu.edu.cn/zx/ttgz/108704.htm,616
2019-04-09,北师大汉语言文学专业接受师范类专业第三级认证入校考查,http://news.bnu.edu.cn/zx/ttgz/108692.htm,2508
2019-04-09,第二十六届北京大学生电影节开幕,http://news.bnu.edu.cn/zx/ttgz/108683.htm,1172
2019-04-09,国家社科基金重大攻关项目“数字化《说文》学及其研究平台的构建”顺利结项,http://news.bnu.edu.cn/zx/ttgz/108677.htm,479
2019-04-09,【人民网】董奇：高校心理健康教育课程质量仍需提高,http://news.bnu.edu.cn/zx/ttgz/108666.htm,592
2019-04-05,【人民日报】为清明文化注入当代价值（文化脉动）,http://news.bnu.edu.cn/zx/ttgz/108640.htm,768
2019-04-04,北师大召开党委第二轮巡察工作动员部署暨第一轮巡察工作情况通报会,http://news.bnu.edu.cn/zx/ttgz/108632.htm,1330
2019-04-04,国家自然科学基金委员会管理科学部应急项目“新时代科学基金运行与管理研究”咨询委员会第一次会议在北师大举办,http://news.bnu.edu.cn/zx/ttgz/108633.htm,910
2019-04-02,【北京高等教育】北京师范大学“说”思政,http://news.bnu.edu.cn/zx/ttgz/108585.htm,850
2019-04-02,【光明日报】F0701或成真正破解教育问题的关键,http://news.bnu.edu.cn/zx/ttgz/108584.htm,989
2019-03-29,北师大校长董奇一行调研新闻传播学院,http://news.bnu.edu.cn/zx/ttgz/108555.htm,1593
2019-03-28,孙春兰在北京师范大学调研时强调 推动思想政治理论课改革创新 落实高校立德树人根本任务,http://news.bnu.edu.cn/zx/ttgz/108551.htm,4827
2019-03-28,国家主席习近平出席中法全球治理论坛闭幕式并致辞 北师大胡必亮教授参加闭幕式,http://news.bnu.edu.cn/zx/ttgz/108545.htm,1674
2019-03-27,北师大历史学院教师主编、参编“马工程”教材6部,http://news.bnu.edu.cn/zx/ttgz/108535.htm,1741
2019-03-26,中意史上最高级别东西方慈善交流启航,http://news.bnu.edu.cn/zx/ttgz/108492.htm,886
2019-03-25,北京师范大学与广安市人民政府签署战略合作协议,http://news.bnu.edu.cn/zx/ttgz/108466.htm,1207
2019-03-23,北师大党委理论学习中心组专题学习习近平总书记在学校思想政治理论课教师座谈会上重要讲话精神,http://news.bnu.edu.cn/zx/ttgz/108446.htm,1110
2019-03-21,珠海市市长姚奕生一行调研珠海校区建设,http://news.bnu.edu.cn/zx/ttgz/108421.htm,2687
2019-03-21,北师大召开中层干部会,http://news.bnu.edu.cn/zx/ttgz/108405.htm,1985
2019-03-20,【教育部网站报道】北京师范大学构建面向未来的卓越教师培养体系 大力培养新时代“四有”好老师,http://news.bnu.edu.cn/zx/ttgz/108390.htm,545
2019-03-19,习近平主持召开学校思想政治理论课教师座谈会 北师大王树荫、熊晓琳两位教师参会,http://news.bnu.edu.cn/zx/ttgz/108364.htm,2743
2019-03-19,【教育部网站报道】北京师范大学多措并举创新构建体育体系,http://news.bnu.edu.cn/zx/ttgz/108363.htm,341
2019-03-18,学前教育立法研讨会在北师大举行,http://news.bnu.edu.cn/zx/ttgz/108348.htm,1065
2019-03-18,程建平为机关党委党校办支部讲党课,http://news.bnu.edu.cn/zx/ttgz/108351.htm,722
2019-03-18,【光明日报】瞿林东：让后人懂得什么是历史,http://news.bnu.edu.cn/zx/ttgz/108341.htm,497
2019-03-14,备战奥运之际，郎平抽空“回家”,http://news.bnu.edu.cn/zx/ttgz/108304.htm,1922
2019-03-14,【两会进行时】庞丽娟：促进乡村小规模学校内涵式发展,http://news.bnu.edu.cn/zx/ttgz/108285.htm,439
2019-03-13,【两会E政录】黄荣怀：人工智能何以改变教育,http://news.bnu.edu.cn/zx/ttgz/108279.htm,768
2019-03-12,【光明日报】顾明远：新时代推进教育现代化要怎么做,http://news.bnu.edu.cn/zx/ttgz/108216.htm,527
2019-03-12,【光明日报】黄会林：让中国形象更加闪亮,http://news.bnu.edu.cn/zx/ttgz/108214.htm,210
2019-03-12,【光明日报】杨耕：不断接受马克思主义哲学智慧的滋养,http://news.bnu.edu.cn/zx/ttgz/108213.htm,870
2019-03-12,【澎湃新闻】王振耀解读政府工作报告：保障与改善民生有五大突出特点,http://news.bnu.edu.cn/zx/ttgz/108212.htm,327
2019-03-10,【光明日报】程建平：成果所有权“活”起来 科技创新才能“火”起来,http://news.bnu.edu.cn/zx/ttgz/108178.htm,568
2019-03-10,对口支援如何促进区域高等教育协调发展——“两会E政录”访谈全国政协委员、北京师范大学党委书记程建平,http://news.bnu.edu.cn/zx/ttgz/108187.htm,558
2019-03-09,【中国教育新闻网】程建平：基层教育“当家人”也得有门槛儿,http://news.bnu.edu.cn/zx/ttgz/108175.htm,1010
2019-03-08,北师大王秀梅教授荣获第八届女性传媒大奖“年度女性榜样奖”,http://news.bnu.edu.cn/zx/ttgz/108161.htm,2424
2019-03-07,北京师范大学“985工程”重大建设项目《中国地方志分类史料丛刊》（1663册）出版,http://news.bnu.edu.cn/zx/ttgz/108126.htm,1982
2019-03-05,北师大师生关注“两会”开幕 热议政府工作报告,http://news.bnu.edu.cn/zx/ttgz/108099.htm,939
2019-03-05,北师大校领导调研实验幼儿园婴幼园新学期工作,http://news.bnu.edu.cn/zx/ttgz/108088.htm,1025
2019-03-04,【中新社】程建平：暗物质“捕手”上天入地 国际研究竞争“加速赛跑”,http://news.bnu.edu.cn/zx/ttgz/108082.htm,1091
2019-03-04,北京师范大学与丰台区人民政府签署战略合作协议及合作办学协议,http://news.bnu.edu.cn/zx/ttgz/108049.htm,1815
2019-03-01,【中国教育报】刘焱：小区配套幼儿园治理是一项重大民生工程,http://news.bnu.edu.cn/zx/ttgz/108046.htm,740
2019-03-01,北师大四项成果荣获2018年度北京市科学技术奖,http://news.bnu.edu.cn/zx/ttgz/108040.htm,3459
2019-02-28,【教育部网站报道】北京师范大学着力构建“四位一体”党建工作格局,http://news.bnu.edu.cn/zx/ttgz/108016.htm,429
2019-02-28,【教育部网站报道】北京师范大学坚持“以本为本”深化课堂教学改革,http://news.bnu.edu.cn/zx/ttgz/108002.htm,372
2019-02-28,【教育部网站报道】北京师范大学整合优质资源 助力共建“一带一路”教育行动,http://news.bnu.edu.cn/zx/ttgz/108001.htm,565
2019-02-27,QS2019世界大学学科排名公布 北师大15个学科进入全球200强,http://news.bnu.edu.cn/zx/ttgz/107983.htm,5695
2019-02-27,国家社科基金重大项目 “中国古代都城文化与古代文学及相关文献研究” 开题报告会、学术研讨会在京举行,http://news.bnu.edu.cn/zx/ttgz/107982.htm,612
2019-02-26,北师大师生参加“聚焦精准扶贫，助力中国梦圆” 建档立卡实地监测寒假专项调研,http://news.bnu.edu.cn/zx/ttgz/107976.htm,512
2019-02-26,互联网教育智能技术及应用国家工程实验室理事会第二次会议暨技术委员会第二次会议在北师大举办,http://news.bnu.edu.cn/zx/ttgz/107962.htm,355
2019-02-26,北师大2019年艺术类本科招生校考工作结束,http://news.bnu.edu.cn/zx/ttgz/107977.htm,525
2019-02-23,中共中央、国务院印发《中国教育现代化2035》,http://news.bnu.edu.cn/zx/ttgz/107928.htm,816
2019-02-22, 应急管理部与教育部共建减灾与应急管理研究院座谈会在北师大召开,http://news.bnu.edu.cn/zx/ttgz/107925.htm,1096
2019-02-22,程建平、董奇赴教务部调研,http://news.bnu.edu.cn/zx/ttgz/107917.htm,6307
2019-02-21,北师大外籍教授Robert Walker院士获国家领导人接见,http://news.bnu.edu.cn/zx/ttgz/107899.htm,2216
2019-02-20,【教育部网站报道】北京师范大学多层次加强美育工作,http://news.bnu.edu.cn/zx/ttgz/107888.htm,1058
2019-02-19,【为了民族复兴 · 英雄烈士谱】缪伯英——以身许党,http://news.bnu.edu.cn/zx/ttgz/107871.htm,917
2019-02-18,冯刚，严帅：改革开放40年高校思想政治教育管理的发展历程,http://news.bnu.edu.cn/zx/ttgz/107865.htm,1132
2019-02-08,方福康同志遗体告别仪式在八宝山举行,http://news.bnu.edu.cn/zx/ttgz/107859.htm,5799
2019-01-30,北京师范大学与中国电子科技集团联合共建人工智能学院,http://news.bnu.edu.cn/zx/ttgz/107845.htm,6300
2019-01-25,​ “一带一路”古文明书系出版,http://news.bnu.edu.cn/zx/ttgz/107817.htm,1988
2019-01-24,国家自然科学基金F0701资助管理工作研讨会在北师大举行,http://news.bnu.edu.cn/zx/ttgz/107815.htm,1978
2019-01-21,“一带一路”与粤港澳大湾区协调发展研讨会暨北京师范大学一带一路学院挂牌仪式在珠海校区举行,http://news.bnu.edu.cn/zx/ttgz/107809.htm,3790
2019-01-21,【人民日报】王宁：情牵汉字六十载,http://news.bnu.edu.cn/zx/ttgz/107804.htm,1324
2019-01-21,中国老年学和老年医学学会脑认知与健康分会成立大会在北师大举行,http://news.bnu.edu.cn/zx/ttgz/107803.htm,1048
2019-01-20,北师大召开学习习近平总书记致中国历史研究院成立贺信精神座谈会,http://news.bnu.edu.cn/zx/ttgz/107797.htm,953
2019-01-19,北京师范大学举行2019年新春团拜会,http://news.bnu.edu.cn/zx/ttgz/107791.htm,1527
2019-01-19,“跨文化视野下的中国优秀传统文化教育与传承——《钟敬文全集》出版与钟敬文学术文化思想座谈会”召开,http://news.bnu.edu.cn/zx/ttgz/107788.htm,1329
2019-01-18,北师大举办2018年度校级领导班子和领导干部述职测评大会,http://news.bnu.edu.cn/zx/ttgz/107770.htm,1105
2019-01-18,第五届会林文化奖颁奖典礼举行,http://news.bnu.edu.cn/zx/ttgz/107764.htm,712
2019-01-18,​北京师范大学入选首批国家教材建设重点研究基地,http://news.bnu.edu.cn/zx/ttgz/107759.htm,819
2019-01-18,冯刚、金国峰：论中国教育现代化的方向目标,http://news.bnu.edu.cn/zx/ttgz/107756.htm,494
2019-01-17,北京师范大学8门课程获得 2018年国家精品在线开放课程认定,http://news.bnu.edu.cn/zx/ttgz/107735.htm,949
2019-01-16,北师大召开2018年度学部院系行政班子和机关部处交流述职会,http://news.bnu.edu.cn/zx/ttgz/107728.htm,626
2019-01-16,北师大召开学部院系2019年工作计划编制部署会,http://news.bnu.edu.cn/zx/ttgz/107703.htm,711
2019-01-15,北师大召开2018年度院系级党组织书记述职评议考核会,http://news.bnu.edu.cn/zx/ttgz/107680.htm,875
2019-01-14,北师大召开2019年学校安全稳定工作会议,http://news.bnu.edu.cn/zx/ttgz/107673.htm,859
2019-01-14,北师大召开2018年度领导班子民主生活会,http://news.bnu.edu.cn/zx/ttgz/107670.htm,1826
2019-01-14,教师法修订调研座谈会在北京师范大学举办,http://news.bnu.edu.cn/zx/ttgz/107664.htm,1198
2019-01-11,国家语委重大基础资源建设项目标志性成果 “汉字全息资源应用系统”发布会在北师大举行,http://news.bnu.edu.cn/zx/ttgz/107643.htm,2033
2019-01-10,“聚焦精准扶贫，助力中国梦圆”建档立卡实地监测调研动员大会在北师大召开,http://news.bnu.edu.cn/zx/ttgz/107627.htm,2757
2019-01-09,北师大两项成果荣获2018年度国家科技进步奖二等奖,http://news.bnu.edu.cn/zx/ttgz/107607.htm,2689
2019-01-07,北京师范大学与兰州大学签署战略合作协议及共建附属学校合作协议,http://news.bnu.edu.cn/zx/ttgz/107584.htm,2294
2019-01-04,坚守平凡生活中的英雄梦想  2018年度“感动师大”新闻人物揭晓,http://news.bnu.edu.cn/zx/ttgz/107570.htm,2774
2019-01-03,2018年国家级教学成果奖公布 北师大喜获17项大奖,http://news.bnu.edu.cn/zx/ttgz/107553.htm,4055
2018-12-28,“改革先锋”进师大 听战斗英雄讲述不朽的老山精神,http://news.bnu.edu.cn/zx/ttgz/107497.htm,1533
2018-12-28,北师大教授张琦参加教育部新闻发布会介绍教育脱贫攻坚工作进展,http://news.bnu.edu.cn/zx/ttgz/107496.htm,1513
2018-12-27,北京师范大学召开2017—2018学年表彰大会,http://news.bnu.edu.cn/zx/ttgz/107474.htm,3011
2018-12-27,中国电影集团与北师大艺术与传媒学院共建人才培养（教学）实践基地,http://news.bnu.edu.cn/zx/ttgz/107478.htm,665
2018-12-27,改革开放杰出贡献获奖者郎平与专家座谈,http://news.bnu.edu.cn/zx/ttgz/107466.htm,606
2018-12-27,“中国好老师”公益行动计划2018年年会暨育人论坛召开,http://news.bnu.edu.cn/zx/ttgz/107457.htm,690
2018-12-25,让教育回到原点 |《顾明远文集》12卷本出版,http://news.bnu.edu.cn/zx/ttgz/107441.htm,688
2018-12-24,北京师范大学、延边大学联合建立“东北虎豹国家公园研究院”,http://news.bnu.edu.cn/zx/ttgz/107443.htm,857
2018-12-24,共青团北京师范大学第十四次代表大会召开,http://news.bnu.edu.cn/zx/ttgz/107422.htm,1005
2018-12-24,岁末年终 “母校有约”   共话未来 共谋发展,http://news.bnu.edu.cn/zx/ttgz/107414.htm,1307
2018-12-21,北京市政协主席吉林到北师大调研,http://news.bnu.edu.cn/zx/ttgz/107384.htm,1407
2018-12-20,北京师范大学党委理论学习中心组专题学习习近平总书记在庆祝改革开放40周年大会上的重要讲话精神,http://news.bnu.edu.cn/zx/ttgz/107359.htm,1593
2018-12-18,北师大徐斌教授公开课 带你了解《中国改革为什么能够成功》,http://news.bnu.edu.cn/zx/ttgz/107302.htm,862
2018-12-18,北师大师生热议习近平总书记在庆祝改革开放40周年大会上的重要讲话,http://news.bnu.edu.cn/zx/ttgz/107297.htm,1074
2018-12-18,习近平：在庆祝改革开放40周年大会上的讲话（实录）,http://news.bnu.edu.cn/zx/ttgz/107296.htm,593
2018-12-17,"【首都教育新闻网】""时光专列""走心讲述改革开放四十年的国事家事",http://news.bnu.edu.cn/zx/ttgz/107279.htm,369
2018-12-14,北京师范大学教育基金会第二届理事会第十一次会议召开,http://news.bnu.edu.cn/zx/ttgz/107241.htm,1162
2018-12-14,北京师范大学教材研究院挂牌成立,http://news.bnu.edu.cn/zx/ttgz/107238.htm,2520
2018-12-14,【北京日报】与地方政府、企业三方创新合作  北师大花开津冀,http://news.bnu.edu.cn/zx/ttgz/107231.htm,277
2018-12-14,东北虎豹国家公园保护生态学国家林业和草原局重点实验室揭牌仪式在北京师范大学举行,http://news.bnu.edu.cn/zx/ttgz/107220.htm,893
2018-12-14,北京师范大学召开学术委员会换届大会,http://news.bnu.edu.cn/zx/ttgz/107217.htm,2871
2018-12-13,北师大党委理论学习中心组集体参观学校纪念改革开放四十周年主题展览,http://news.bnu.edu.cn/zx/ttgz/107210.htm,1298
2018-12-07,北师大获评2018年度“孔子学院先进中方合作机构”,http://news.bnu.edu.cn/zx/ttgz/107134.htm,503
2018-12-07,纪念《联合国反腐败公约》通过15周年研讨会在北师大举行,http://news.bnu.edu.cn/zx/ttgz/107060.htm,2210
2018-12-07,北师大研究生海外人才培养基地项目：打造与世界对话的平台,http://news.bnu.edu.cn/zx/ttgz/107052.htm,2037
2018-12-04,GES 2018未来教育大会开幕 融合创新成共识,http://news.bnu.edu.cn/zx/ttgz/106553.htm,1790
2018-12-03,【光明日报】刘家和：中国经学为人类贡献了历史理性,http://news.bnu.edu.cn/zx/ttgz/106115.htm,1042
2018-12-01,生态环境部副部长黄润秋教授为北师大师生作“习近平生态文明思想”报告,http://news.bnu.edu.cn/zx/ttgz/106116.htm,698
2018-11-21,“看中国·外国青年影像计划”获第十四届“中美电影节”两项大奖,http://news.bnu.edu.cn/zx/ttgz/106124.htm,479
2018-11-30,北师大女足队员王霜当选2018年“亚洲足球小姐”,http://news.bnu.edu.cn/zx/ttgz/106117.htm,795
2018-11-28,北师大举办第十六届青年教师教学基本功比赛,http://news.bnu.edu.cn/zx/ttgz/106118.htm,1066
2018-11-28,北京师范大学把好“三个关键”切实加强思想政治理论课建设,http://news.bnu.edu.cn/zx/ttgz/106119.htm,597
2018-11-26,​WALS2018世界课例大会“课例研究与教师教育：国际对话”在北师大召开,http://news.bnu.edu.cn/zx/ttgz/106120.htm,720
2018-11-26,“师德是根本！”——教育大咖解读新时代教师“十项准则”,http://news.bnu.edu.cn/zx/ttgz/106121.htm,2782
2018-11-26,林崇德：坚持以德立身，塑造教师美好形象,http://news.bnu.edu.cn/zx/ttgz/106122.htm,2684
2018-11-26,顾明远：守住教书育人的底线,http://news.bnu.edu.cn/zx/ttgz/106123.htm,2823
2018-11-19,“社会主义核心价值观与当代中国发展”系列丛书出版座谈会在北师大举办,http://news.bnu.edu.cn/zx/ttgz/105718.htm,555
2018-11-16,实行师德失范“一票否决”！教育部印发高校教师师德失范行为处理指导意见,http://news.bnu.edu.cn/zx/ttgz/105719.htm,269
2018-11-16,为了教育更美好的明天—第四届中国教育创新成果公益博览会落下帷幕,http://news.bnu.edu.cn/zx/ttgz/105720.htm,624
2018-11-15,央视新闻频道报道中国教育创新成果公益博览会 科技创新助推教育改革,http://news.bnu.edu.cn/zx/ttgz/105722.htm,2760
2018-11-15,顾明远：教师成长要历经“五项修炼”,http://news.bnu.edu.cn/zx/ttgz/105721.htm,694
2018-11-13,“汇聚 碰撞 变革”第四届中国教育创新成果公益博览会开幕,http://news.bnu.edu.cn/zx/ttgz/105723.htm,577
2018-11-08,北京师范大学本科教学工作审核评估专家意见反馈会举行,http://news.bnu.edu.cn/zx/ttgz/105725.htm,690
2018-11-07,北师大杨志峰院士获何梁何利基金科学与技术进步奖,http://news.bnu.edu.cn/zx/ttgz/105717.htm,415
2018-11-06,北师大肖甦教授荣获乌克兰国家级教育奖项“苏霍姆林斯基奖章”,http://news.bnu.edu.cn/zx/ttgz/105716.htm,229
2018-11-05,北京师范大学本科教学工作审核评估专家见面会举行,http://news.bnu.edu.cn/zx/ttgz/105715.htm,352
2018-11-04,冯刚、陈步云：扎根中国大地办好中国特色社会主义教育,http://news.bnu.edu.cn/zx/ttgz/105714.htm,690
2018-11-02,北师大召开党委全委会 进一步深入学习贯彻全国教育大会精神,http://news.bnu.edu.cn/zx/ttgz/105713.htm,597
2018-11-02,刘坚：什么才是真正有意义的教育创新？,http://news.bnu.edu.cn/zx/ttgz/105712.htm,587
2018-10-31,东方使者跨洋起舞 ——北京师范大学赴美孔子学院交流展演掠影,http://news.bnu.edu.cn/zx/ttgz/105711.htm,311
2018-10-31,中外青年文化交流的“直通车” ——记北京师范大学“看中国·外国青年影像计划”,http://news.bnu.edu.cn/zx/ttgz/105709.htm,729
2018-10-31,中国教育学会会长钟秉林教授为北师大中层干部作辅导报告,http://news.bnu.edu.cn/zx/ttgz/105710.htm,924
2018-10-29,“教育援青”战略暨对口支援青海师范大学高校联席会议在北京师范大学召开,http://news.bnu.edu.cn/zx/ttgz/105726.htm,816
2018-10-29,遵义市负责人来北师大洽谈校地深入合作,http://news.bnu.edu.cn/zx/ttgz/105727.htm,1074
2018-10-26,青海省人民政府-北京师范大学高原科学与可持续发展研究院成立,http://news.bnu.edu.cn/zx/ttgz/105728.htm,1012
2018-10-25,【新华社】顾明远：从人口大国到人力资源大国，教育功不可没,http://news.bnu.edu.cn/zx/ttgz/105729.htm,497
2018-10-24,2018年度国家社科基金重大项目立项公示 北师大12项入选,http://news.bnu.edu.cn/zx/ttgz/105730.htm,78
2018-10-24,董奇：以学生学习为中心，通过认知神经科学读懂孩子,http://news.bnu.edu.cn/zx/ttgz/105731.htm,458
2018-10-19,北师大张琦教授参加2018年全国扶贫日生态环境保护与减贫论坛并作主旨报告,http://news.bnu.edu.cn/zx/ttgz/105732.htm,672
2018-10-18,北师大李实教授获评2018年全国脱贫攻坚奖创新奖,http://news.bnu.edu.cn/zx/ttgz/105733.htm,860
2018-10-18,王善迈：教育经费投入体制的改革与展望——纪念改革开放40周年,http://news.bnu.edu.cn/zx/ttgz/105734.htm,891
2018-10-17,北京师范大学举办核学科成立60周年庆典暨核科学高峰论坛,http://news.bnu.edu.cn/zx/ttgz/105735.htm,898
2018-10-17,冯刚：中国共产党理论创新的标志性成果,http://news.bnu.edu.cn/zx/ttgz/105736.htm,1002
2018-10-17,檀传宝、陈国清：改革开放40年我国德育学科建设的探索与进步,http://news.bnu.edu.cn/zx/ttgz/105737.htm,665
2018-10-15,【教育部网站报道】北京师范大学着力提升科研管理水平,http://news.bnu.edu.cn/zx/ttgz/105738.htm,268
2018-10-13,执教杏坛七十载 笔耕不辍到如今——《顾明远教育思想研究》序言,http://news.bnu.edu.cn/zx/ttgz/105739.htm,905
2018-10-09,北师大在昌平校园喜迎2018级博士新生报到,http://news.bnu.edu.cn/zx/ttgz/105740.htm,310
2018-10-06,北师大举行77、78级校友入学40周年纪念活动,http://news.bnu.edu.cn/zx/ttgz/105741.htm,923
2018-09-26,《全国家庭教育状况调查报告（2018）》权威发布,http://news.bnu.edu.cn/zx/ttgz/106922.htm,837
2018-09-26,北师大成立“一带一路”学院 全方位助力共建“一带一路”走深走实,http://news.bnu.edu.cn/zx/ttgz/106923.htm,1116
2018-09-18,北师大五位教师获得2018年北京市师德榜样（先锋）荣誉称号,http://news.bnu.edu.cn/zx/ttgz/105708.htm,712
2018-09-17,《一片丹心育桃李——于丹》获评教育部新时代教师风采公益广告入围作品,http://news.bnu.edu.cn/zx/ttgz/105757.htm,1006
2018-09-15,【光明日报】程建平：弘扬高尚师德 潜心立德树人,http://news.bnu.edu.cn/zx/ttgz/105755.htm,875
2018-09-17,北师大教师学习习近平总书记在全国教育大会重要讲话精神,http://news.bnu.edu.cn/zx/ttgz/105758.htm,1352
2018-09-16,【中国教育报】朱旭东：教师要堪当国家重任,http://news.bnu.edu.cn/zx/ttgz/105756.htm,918
2018-09-13,北师大教育学部获批教育部首批“三全育人”综合改革试点单位,http://news.bnu.edu.cn/zx/ttgz/105754.htm,503
2018-09-12,北师大党委理论学习中心组专题学习贯彻习近平总书记在全国教育大会重要讲话,http://news.bnu.edu.cn/zx/ttgz/105753.htm,802
2018-09-11,习近平：坚持中国特色社会主义教育发展道路 培养德智体美劳全面发展的社会主义建设者和接班人,http://news.bnu.edu.cn/zx/ttgz/105752.htm,1054
2018-09-10,教师节，听这位执教70年的“大先生”说说心里话,http://news.bnu.edu.cn/zx/ttgz/105760.htm,391
2018-09-10,北师大康震教授：只有这样的老师，才能给予孩子最好的教育！,http://news.bnu.edu.cn/zx/ttgz/105751.htm,663
2018-09-10,【新华社】全国优秀教师林崇德：“严在当严处，爱在细微中”,http://news.bnu.edu.cn/zx/ttgz/105759.htm,159
2018-09-10,北师大举行教师节表彰大会 重奖“四有”好老师,http://news.bnu.edu.cn/zx/ttgz/105761.htm,996
2018-09-09,北师大召开2018年专业技术高级岗位聘任大会,http://news.bnu.edu.cn/zx/ttgz/105762.htm,731
2018-09-09,【光明日报】大写的先生——“四有好老师”奖励计划颁奖典礼侧记,http://news.bnu.edu.cn/zx/ttgz/105763.htm,421
2018-11-12,北师大召开党委巡察工作启动大会暨第一轮巡察工作动员部署会,http://news.bnu.edu.cn/zx/ttgz/105724.htm,1067
2018-09-08,“四有好老师”奖励计划颁奖典礼在北京师范大学隆重举行,http://news.bnu.edu.cn/zx/ttgz/105764.htm,641
2018-09-06,【中国教育报】周作宇：大学的新形态与卓越追求,http://news.bnu.edu.cn/zx/ttgz/105766.htm,461
2018-09-06,北师大党委理论学习中心组专题学习贯彻习近平总书记给中央美术学院老教授重要回信精神,http://news.bnu.edu.cn/zx/ttgz/105765.htm,389
2018-09-05,第四届中国教育创新成果公益博览会新闻发布会在北师大举行,http://news.bnu.edu.cn/zx/ttgz/105767.htm,491
2018-09-03,北师大举行2018级新生开学典礼,http://news.bnu.edu.cn/zx/ttgz/105750.htm,431
2018-09-03,董奇校长寄语2018级新生：创造网络时代的美好大学时光,http://news.bnu.edu.cn/zx/ttgz/105749.htm,262
2018-09-02,北师大喜迎2018级新生报到,http://news.bnu.edu.cn/zx/ttgz/103836.htm,6151
2018-08-31,北师大召开2018年暑期干部会议部署新学期工作,http://news.bnu.edu.cn/zx/ttgz/103813.htm,1384
2018-08-30,北师大赵朝峰教授获评高校思想政治理论课教师2017年度影响力人物,http://news.bnu.edu.cn/zx/ttgz/103723.htm,1101
2018-08-29,北师大胡必亮教授参加推进“一带一路”建设工作5周年座谈会,http://news.bnu.edu.cn/zx/ttgz/103698.htm,379
2018-08-27,北师大心理学部国际创新创业教育大会暨中美青年创客交流中心揭牌仪式举办,http://news.bnu.edu.cn/zx/ttgz/103676.htm,706
2018-08-28,关于“四有好老师”奖励计划评选结果的公告,http://news.bnu.edu.cn/zx/ttgz/103643.htm,454
2018-08-27,健全基础教育质量保障体系的探索——国家义务教育质量监测报告诞生记,http://news.bnu.edu.cn/zx/ttgz/103576.htm,651
2018-08-18,【光明日报】董奇：质量监测如何为教育把好脉,http://news.bnu.edu.cn/zx/ttgz/103572.htm,619
2018-07-30,全国首次专业学位水平评估结果公布 北师大教育硕士获评A+,http://news.bnu.edu.cn/zx/ttgz/103570.htm,401
2018-07-26,北师大与青海省人民政府签署战略合作框架协议,http://news.bnu.edu.cn/zx/ttgz/103568.htm,580
2018-07-25,我国首份《中国义务教育质量监测报告》发布,http://news.bnu.edu.cn/zx/ttgz/103566.htm,596
2018-07-22,2018全球人工智能与教育大数据峰会圆满落幕,http://news.bnu.edu.cn/zx/ttgz/103564.htm,557
2018-07-20,国家义务教育质量监测结果应用试验区工作会在京召开,http://news.bnu.edu.cn/zx/ttgz/103562.htm,458
2018-07-19,纪念马克思诞辰200周年专题研讨会暨第四届思想政治教育创新发展学术研讨会在北师大举办,http://news.bnu.edu.cn/zx/ttgz/103560.htm,402
2018-07-19,北师大二附中主办第四届中学生中华传统文化传承高端论坛,http://news.bnu.edu.cn/zx/ttgz/103558.htm,334
2018-07-16,“中国好老师”公益行动计划2018全国育人论坛奏响行动最强音,http://news.bnu.edu.cn/zx/ttgz/103556.htm,168
2018-07-16,晁福林：把握和传承好“变则通”思想,http://news.bnu.edu.cn/zx/ttgz/103554.htm,147
2018-07-14,中国儿童青少年脑智研究全国联盟全国协作研究进展交流暨“讯飞教育脑计划”发布会在北师大召开,http://news.bnu.edu.cn/zx/ttgz/103552.htm,201
2018-07-13,葛剑平：从国土治理和生态安全视角谋划自然保护地体系,http://news.bnu.edu.cn/zx/ttgz/103550.htm,182
2018-07-11,中国的希望在教育丨北师大师生深切缅怀田家炳先生,http://news.bnu.edu.cn/zx/ttgz/103548.htm,201
2018-07-10,北师大主办生态文明贵阳国际论坛2018年年会之“创新发展与绿色转型”高峰会,http://news.bnu.edu.cn/zx/ttgz/103546.htm,296
2018-07-09,程建平一行看望贵州校友代表,http://news.bnu.edu.cn/zx/ttgz/103544.htm,222
2018-07-09,第八届中国社会治理论坛在北师大举行,http://news.bnu.edu.cn/zx/ttgz/103542.htm,190
2018-07-09,北师大各级党组织积极开展全面从严治党主题教育活动,http://news.bnu.edu.cn/zx/ttgz/103540.htm,198
2018-07-06,我国著名放射化学和放射性药物化学家刘伯里院士逝世,http://news.bnu.edu.cn/zx/ttgz/102326.htm,163
2018-07-05,行为世范 伯里春秋：沉痛悼念刘伯里院士,http://news.bnu.edu.cn/zx/ttgz/102325.htm,145
2018-07-04,冯刚：新媒体时代青少年思想政治教育的特点和规律,http://news.bnu.edu.cn/zx/ttgz/102327.htm,176
2018-07-03,北师大获准42项2018年度国家社科基金项目,http://news.bnu.edu.cn/zx/ttgz/102329.htm,219
2018-07-02,北师大举行纪念建党97周年“七一”升旗仪式暨学生党员集体宣誓活动,http://news.bnu.edu.cn/zx/ttgz/102330.htm,325
2018-06-28,北师大获评53项2017年北京市教育教学成果奖,http://news.bnu.edu.cn/zx/ttgz/102331.htm,386
2018-06-28,北师大党委理论学习中心组集体参观全面从严治党、李大钊与北师大主题展览,http://news.bnu.edu.cn/zx/ttgz/102332.htm,287
2018-06-27,2018届本科毕业生张慧：四载求索，何以为师？,http://news.bnu.edu.cn/zx/ttgz/102333.htm,457
2018-06-27,2018届博士毕业生袁方龙：在北师大学到的“三种精神”,http://news.bnu.edu.cn/zx/ttgz/102334.htm,296
2018-06-27,董奇校长寄语2018届研究生毕业生：做一个有韧性的人,http://news.bnu.edu.cn/zx/ttgz/102335.htm,189
2018-06-27,柳斌杰学长寄语2018届研究生毕业生：让青春插上理想和奋斗的翅膀,http://news.bnu.edu.cn/zx/ttgz/102336.htm,164
2018-06-26,颜芳学长寄语2018届本科毕业生：有一种努力叫“刻骨铭心”,http://news.bnu.edu.cn/zx/ttgz/102337.htm,184
2018-06-26,董奇校长寄语2018届本科毕业生：做一个有故事的人,http://news.bnu.edu.cn/zx/ttgz/102338.htm,210
2018-06-26,北师大师生赴柬埔寨开展“中柬建交60周年”系列主题文化交流活动,http://news.bnu.edu.cn/zx/ttgz/102339.htm,201
2018-06-25,中国教师教育精准帮扶大型公益活动 “启师·沃土计划” “三区三州”区县教师教育新体系建设暨教师教育能力提升高级研修项目启动仪式在京举行,http://news.bnu.edu.cn/zx/ttgz/102340.htm,94
2018-06-24,让教师成为太阳底下最光辉的职业：2018年“四有好老师”奖励计划寻访出征仪式暨新闻发布会在北师大举办,http://news.bnu.edu.cn/zx/ttgz/102341.htm,179
2018-06-29,北师大召开庆祝中国共产党成立97周年暨表彰大会,http://news.bnu.edu.cn/zx/ttgz/102342.htm,185
2018-06-22,把握马克思主义学科发展的时代特征 ——马克思主义学科建设前沿问题研讨会综述,http://news.bnu.edu.cn/zx/ttgz/102343.htm,86
2018-06-22,化学学院两课题组在《自然-通讯》发表重量级研究成果,http://news.bnu.edu.cn/zx/ttgz/102344.htm,201
2018-06-20,北京师范大学第十届“最受本科生欢迎的十佳教师”颁奖典礼落幕,http://news.bnu.edu.cn/zx/ttgz/102345.htm,152
2018-06-19,“乡村振兴与社会治理”研讨会在浙江诸暨召开,http://news.bnu.edu.cn/zx/ttgz/102346.htm,185
2018-06-15,北师大参与中国暗物质实验合作组发表世界领先成果,http://news.bnu.edu.cn/zx/ttgz/102347.htm,169
2018-06-11,凝心聚力、深化落实，加快推进中国特色世界一流大学建设——北师大第七届教代会暨第十五次工代会胜利召开,http://news.bnu.edu.cn/zx/ttgz/102348.htm,152
2018-06-11,《印象·改革开放：看中国·外国青年影像计划》入选上合组织成员国元首理事会第十八次会议专门用书,http://news.bnu.edu.cn/zx/ttgz/102349.htm,189
2018-06-08, “首都当代中国马克思主义论坛·2018”在北师大举行,http://news.bnu.edu.cn/zx/ttgz/102350.htm,157
2018-06-08,“四有好老师”奖励计划评选公告,http://news.bnu.edu.cn/zx/ttgz/102351.htm,201
2018-06-07,《中国改革为什么能成功》新书发布暨座谈会在北师大举行,http://news.bnu.edu.cn/zx/ttgz/102352.htm,585
2018-06-07,天文系成果入选2017年度“十大天文科技进展”,http://news.bnu.edu.cn/zx/ttgz/102353.htm,281
2018-06-06,超级计算机应用，这个团队的成果被习总书记在两院院士大会上点赞,http://news.bnu.edu.cn/zx/ttgz/102354.htm,425
2018-06-06,北师大虎豹研究团队在陕西和山西林区监测到华北豹野生种群,http://news.bnu.edu.cn/zx/ttgz/102355.htm,299
2018-05-22,北京师范大学获得IMA高等教育认证,http://news.bnu.edu.cn/zx/ttgz/102382.htm,420
2018-06-06,第三届中国VR/AR创作大赛开幕式暨中国VR/AR全球战略发展论坛举行,http://news.bnu.edu.cn/zx/ttgz/102356.htm,276
2018-06-04,木铎传声教化远——听听北师大“青椒”们的教学经,http://news.bnu.edu.cn/zx/ttgz/102357.htm,411
2018-06-06,青海省委领导来北师大对接省校全面合作事宜,http://news.bnu.edu.cn/zx/ttgz/102358.htm,426
2018-06-01,师大情深言难表：听听教龄满三十年“名师大家”的心里话,http://news.bnu.edu.cn/zx/ttgz/102359.htm,209
2018-06-01,首都百万师生同上一堂课 北师大专家讲师团精彩开讲,http://news.bnu.edu.cn/zx/ttgz/102360.htm,208
2018-06-04,2018学术前沿论坛：把握新时代全国文化中心建设的新使命与新思路,http://news.bnu.edu.cn/zx/ttgz/102361.htm,197
2018-05-31,北师大6位教师入选2017年度“长江学者奖励计划”,http://news.bnu.edu.cn/zx/ttgz/102362.htm,447
2018-05-31,沈湘平：底线思维的政治哲学解读和人生哲学启示,http://news.bnu.edu.cn/zx/ttgz/102328.htm,314
2018-05-31,檀传宝：“在地图上旅行”，让青少年亲近一个真实伟大的中国,http://news.bnu.edu.cn/zx/ttgz/102363.htm,160
2018-05-30,基层工会组织建设成果：北京市教育系统“先进职工小家”巡礼,http://news.bnu.edu.cn/zx/ttgz/102364.htm,298
2018-05-30,“首都百万师生同上一堂课”北京师范大学专场精彩开讲,http://news.bnu.edu.cn/zx/ttgz/102365.htm,175
2018-05-30,认知神经科学与学习国家重点实验室集中产出高质量学术成果,http://news.bnu.edu.cn/zx/ttgz/102366.htm,207
2018-05-30,来北师大过暑假！2018年优秀大学生夏令营火热报名中,http://news.bnu.edu.cn/zx/ttgz/102367.htm,441
2018-05-30,做“四有”好老师的模范践行者：近年来师德榜样选树情况概览,http://news.bnu.edu.cn/zx/ttgz/102368.htm,405
2018-05-29,史培军教授创新群体论文入选Springer Nature“改变世界，一刊一文”行动精选论文,http://news.bnu.edu.cn/zx/ttgz/102369.htm,277
2018-05-29,王秀梅：新时代法官的重要使命,http://news.bnu.edu.cn/zx/ttgz/102370.htm,250
2018-05-26,北师大设立惠妍教育基金 助力高素质国际化教育人才培养,http://news.bnu.edu.cn/zx/ttgz/102371.htm,154
2018-05-26,北师大教授张同道导演、央视出品纪录片《文学的故乡》首映,http://news.bnu.edu.cn/zx/ttgz/102372.htm,164
2018-05-25,北师大国家手语和盲文研究中心主持制定的《国家通用手语常用词表》发布,http://news.bnu.edu.cn/zx/ttgz/102373.htm,159
2018-05-24,北师大党委举办学习贯彻党的十九大精神专题培训班,http://news.bnu.edu.cn/zx/ttgz/102374.htm,225
2018-05-24,北师大党委理论学习中心组专题学习习近平总书记在纪念马克思诞辰200周年大会和中共中央政治局第五次集体学习时的重要讲话精神,http://news.bnu.edu.cn/zx/ttgz/102375.htm,166
2018-05-24,第二届中国艺术与传媒学术期刊主编论坛在北师大举行,http://news.bnu.edu.cn/zx/ttgz/102376.htm,235
2018-05-23,China Daily ：China from behind the lens,http://news.bnu.edu.cn/zx/ttgz/102377.htm,200
2018-05-23,中国教师报：让课后服务成为“营养餐”,http://news.bnu.edu.cn/zx/ttgz/102378.htm,151
2018-05-22,“共创共享 美好未来” 北师大举办第三届 “环球校园”国际文化节,http://news.bnu.edu.cn/zx/ttgz/102379.htm,331
2018-05-22,北京师范大学第三十次学生代表大会和第二十次研究生代表大会胜利召开,http://news.bnu.edu.cn/zx/ttgz/102380.htm,265
2018-05-21,全国教师志愿服务联盟课后服务工作推进会在渝召开,http://news.bnu.edu.cn/zx/ttgz/102381.htm,189
2018-05-21,首都大学生“新时代·心梦想·心健康”心理情景剧大赛决赛在北师大举办,http://news.bnu.edu.cn/zx/ttgz/102383.htm,276
2018-05-21,第二届中国系统科学大会（CSSC2018）在京举行,http://news.bnu.edu.cn/zx/ttgz/102384.htm,156
2018-05-20,北师大举办2018年校园开放日活动,http://news.bnu.edu.cn/zx/ttgz/102385.htm,216
2018-05-18,打造高水平本科实验教学平台 助力学校“双一流”建设 ———北师大加强教学实验室建设掠影,http://news.bnu.edu.cn/zx/ttgz/102386.htm,260
2018-05-15,北师大国际写作中心成立五周年纪念仪式暨“世界视野、人文传统与当代中国的文学教育主题论坛”举办,http://news.bnu.edu.cn/zx/ttgz/102387.htm,332
2018-05-14,陶大镛先生百年诞辰纪念研讨会暨新时代理论经济学学科建设论坛召开,http://news.bnu.edu.cn/zx/ttgz/102388.htm,291
2018-05-14,杨耕：在实践中感悟和把握马克思主义的真理力量 ——纪念《实践是检验真理的唯一标准》发表40周年,http://news.bnu.edu.cn/zx/ttgz/102389.htm,177
2018-05-11,“灾后中小学生心理疏导研究”经验推广暨阿坝州首届心理骨干教师培训在汶川举办,http://news.bnu.edu.cn/zx/ttgz/102390.htm,207
2018-05-09,北师大2018年校园开放日暨本科招生咨询活动预告,http://news.bnu.edu.cn/zx/ttgz/102391.htm,159
2018-05-11,2018年“诚信点亮中国”全国巡回活动启动仪式暨青年诚信建设推进会议在北师大举行,http://news.bnu.edu.cn/zx/ttgz/102392.htm,150
2018-05-10,汶川地震后灾害治理的十年演进：四川经验与中国模式,http://news.bnu.edu.cn/zx/ttgz/102393.htm,205
2018-05-09,无体育，不教育 ——北师大基础教育合作办学平台全员体育育人成果展示,http://news.bnu.edu.cn/zx/ttgz/102394.htm,251
2018-05-09,光明日报：为中国电影的未来积蓄力量——第25届北京大学生电影节印象,http://news.bnu.edu.cn/zx/ttgz/102395.htm,153
2018-05-08,史培军：除害兴利并举，再造多个新“都江堰工程”,http://news.bnu.edu.cn/zx/ttgz/102396.htm,186
2018-05-08,北师大2017年度国家自然科学基金项目立项再创佳绩 国家重大科研仪器研制项目类型实现零突破,http://news.bnu.edu.cn/zx/ttgz/102397.htm,241
2018-05-07,第二十五届北京大学生电影节闭幕,http://news.bnu.edu.cn/zx/ttgz/102398.htm,156
2018-05-05,北师大组织师生代表观看纪念马克思诞辰200周年大会并召开专家座谈会学习研讨习近平总书记重要讲话精神,http://news.bnu.edu.cn/zx/ttgz/102399.htm,141
2018-05-03,石中英：重温马克思的教育思想｜纪念马克思诞辰200周年,http://news.bnu.edu.cn/zx/ttgz/102400.htm,322
2018-05-03,北师大党委理论学习中心组专题学习习近平总书记考察北京大学重要讲话精神,http://news.bnu.edu.cn/zx/ttgz/102401.htm,226
2018-05-03,张雁云：教学是个体力活，更是个良心活,http://news.bnu.edu.cn/zx/ttgz/102402.htm,304
2018-05-02,写在叶尔羌河畔的青春故事——北师大公费师范生古丽加汗·艾买提成长纪实,http://news.bnu.edu.cn/zx/ttgz/102403.htm,230
2018-05-03,习近平在北京大学师生座谈会上的讲话,http://news.bnu.edu.cn/zx/ttgz/102404.htm,153
2018-05-03,程建平：不断强化师范院校的教师教育办学特色,http://news.bnu.edu.cn/zx/ttgz/102405.htm,223
2018-05-03,2018年“中国好老师”公益行动计划省级工作推进会在京举行,http://news.bnu.edu.cn/zx/ttgz/102406.htm,309
2018-05-02,北师大召开建设国家高端智库座谈会,http://news.bnu.edu.cn/zx/ttgz/102407.htm,294
2018-04-29,北师大举办 “新时代·新媒体——2018京师媒体发展论坛”,http://news.bnu.edu.cn/zx/ttgz/102408.htm,432
2018-04-26,冯刚：改革开放以来高校思想政治教育质量评价的回顾与思考,http://news.bnu.edu.cn/zx/ttgz/102409.htm,125
2018-04-25,北京师范大学海师基金捐赠仪式在珠海校区举行,http://news.bnu.edu.cn/zx/ttgz/102410.htm,206
2018-04-23,2018年“大学悦读 阅读大学”系列活动暨北京师范大学“品味经典 沐浴书香”大学生读书文化节启动,http://news.bnu.edu.cn/zx/ttgz/102411.htm,247
2018-04-22,北师大牵头成立“中国高校极地联合研究中心”,http://news.bnu.edu.cn/zx/ttgz/102412.htm,157
2018-04-21,程建平访问香港和澳门特别行政区高校及合作机构,http://news.bnu.edu.cn/zx/ttgz/102413.htm,254
2018-04-19, “中国-挪威教育日”活动在北师大举行,http://news.bnu.edu.cn/zx/ttgz/102414.htm,284
2018-04-19,回应时代问题的文化战略理论——我看“第三极文化”,http://news.bnu.edu.cn/zx/ttgz/102415.htm,147
2018-04-17,百年传薪 铸就辉煌——记“全国高校黄大年式教师团队”北师大古代汉语教师团队,http://news.bnu.edu.cn/zx/ttgz/102416.htm,260
2018-04-17,第二届亚洲科技减灾大会在京闭幕,http://news.bnu.edu.cn/zx/ttgz/102417.htm,259
2018-04-15,“青春激情、学术品位、文化意识” 第二十五届北京大学生电影节开幕,http://news.bnu.edu.cn/zx/ttgz/102418.htm,181
2018-04-13,“木铎思享”陪伴青春上路——北师大融合社交媒体创新思政课教学模式纪实,http://news.bnu.edu.cn/zx/ttgz/102419.htm,168
2018-04-19,数学系1956级校友陈金城、陈乔琪伉俪捐资100万元支持母校人才建设,http://news.bnu.edu.cn/zx/ttgz/102420.htm,176
2018-04-11,原创儿童法治教育绘本《正义岛》出版，三位北师大法学副教授的普法情缘,http://news.bnu.edu.cn/zx/ttgz/102421.htm,250
2018-04-10,2018“看中国•外国青年影像计划”启动仪式暨第四届“金目奖”颁奖典礼举行,http://news.bnu.edu.cn/zx/ttgz/102422.htm,300
2018-04-10,“极地环境与气候变化前沿科学中心”通过教育部论证,http://news.bnu.edu.cn/zx/ttgz/102423.htm,172
2018-04-08,北师大召开全校干部大会,http://news.bnu.edu.cn/zx/ttgz/102424.htm,296
2018-04-03,北师大基础教育合作办学平台：艺体搭建新丝路,http://news.bnu.edu.cn/zx/ttgz/102425.htm,165
2018-03-29,聚焦新时代社会治理：共建共治共享——第三届中英社会治理现代化研讨会在北师大举办,http://news.bnu.edu.cn/zx/ttgz/102426.htm,220
2018-03-27,顾明远：谈谈未来教育的逻辑起点,http://news.bnu.edu.cn/zx/ttgz/102427.htm,151
2018-03-26,北师大召开校友会第七次会员代表大会,http://news.bnu.edu.cn/zx/ttgz/102428.htm,403
2018-03-26,黄会林、绍武教育思想研讨会举行,http://news.bnu.edu.cn/zx/ttgz/102429.htm,164
2018-03-26,纪念陶大镛诞辰100周年座谈会在京召开,http://news.bnu.edu.cn/zx/ttgz/102430.htm,126
2018-03-20,庞丽娟教授当选为十三届全国人大常委会委员,http://news.bnu.edu.cn/zx/ttgz/102431.htm,315
2018-03-19,北京师范大学12位教师入选第三批国家“万人计划”,http://news.bnu.edu.cn/zx/ttgz/102432.htm,172
2018-03-19,北师大三位师生完成南极科考任务顺利返校 邓文洪教授正在埃蒙森海进行鸟类调查,http://news.bnu.edu.cn/zx/ttgz/102433.htm,179
2018-03-19,第三届中美智慧教育大会在京召开 聚焦人工智能2.0与教育信息化2.0,http://news.bnu.edu.cn/zx/ttgz/102434.htm,172
2018-03-19,北京师范大学—国家林业局东北虎豹监测与研究中心揭牌,http://news.bnu.edu.cn/zx/ttgz/102435.htm,276
2018-03-19,北师大师生热切关注“两会”  全国“两会”代表委员积极参政议政,http://news.bnu.edu.cn/zx/ttgz/102436.htm,215
2018-03-02,北京师范大学启动研制首颗“极地观测小卫星”,http://news.bnu.edu.cn/zx/ttgz/102437.htm,166
2018-03-02,北京师范大学举办第四届“会林文化奖”颁奖典礼,http://news.bnu.edu.cn/zx/ttgz/102438.htm,183
2018-03-02,中国教育报头版头条报道北师大辅导员队伍建设经验,http://news.bnu.edu.cn/zx/ttgz/102439.htm,142
2018-03-02,北京师范大学两项科研成果获2017年度国家科学技术奖,http://news.bnu.edu.cn/zx/ttgz/102440.htm,204
2018-03-02,北京师范大学举办2017年度“感动师大”新闻人物颁奖典礼,http://news.bnu.edu.cn/zx/ttgz/102441.htm,239
2018-03-02,北京师范大学六个学科在全国第四轮学科评估中获评A+,http://news.bnu.edu.cn/zx/ttgz/102442.htm,157
2018-03-02,王宁教授领衔的“古代汉语教师团队”入选教育部首批“全国高校黄大年式教师团队”,http://news.bnu.edu.cn/zx/ttgz/102443.htm,169
2018-03-02,两位诺贝尔奖得主北师大揭秘引力波,http://news.bnu.edu.cn/zx/ttgz/102444.htm,267
2018-03-02,“中国好老师”公益行动计划全国工作推进会在京举行,http://news.bnu.edu.cn/zx/ttgz/102445.htm,145
2018-03-03,北京师范大学庆祝体育学科成立100周年 全国高校体育院系院长系主任高峰论坛同期举行,http://news.bnu.edu.cn/zx/ttgz/102446.htm,199
2018-03-02,中国共产党北京师范大学第十三次党员代表大会胜利召开,http://news.bnu.edu.cn/zx/ttgz/102447.htm,162
2018-03-03,2017北京学术前沿论坛在北京师范大学举办,http://news.bnu.edu.cn/zx/ttgz/102448.htm,83
2018-03-02,北师大师生喜迎党的十九大胜利召开 认真学习领会会议精神,http://news.bnu.edu.cn/zx/ttgz/102449.htm,157
2018-03-03,北京师范大学召开庆祝第33个教师节暨建校115周年表彰大会,http://news.bnu.edu.cn/zx/ttgz/102450.htm,148
2018-03-02,北京师范大学召开宣传思想工作会议,http://news.bnu.edu.cn/zx/ttgz/102451.htm,88
