,用户名,用户主页,评分,评分时间,赞同数量,评论详情
0,https://www.douban.com/people/lingrui1995/,凌睿,30,2019-01-09 11:01:24,5900,"捕蛇村红叶似火、风景如画，村外崇山峻岭、层林尽染，永州城流光溢彩、灯火辉煌。
水墨风非常惊艳，漫天蒲公英无比浪漫，纸人军团极致震撼，动作戏让人瞠目结舌。
小白最仙女，小青最妖娆，狐妖最邪魅，蛇母最霸气，个个风华绝代，英姿飒爽，国漫（严格的说是合拍）终于不再玛丽苏、傻白甜。
“人间多的是长了两只脚的恶人，长了条尾巴又怎么样”最深刻；
“我的法力都被吸光了”“这下你再也推不开我了”最催泪。
片尾又和《白蛇传》的民间传说无缝衔接，解释了白素贞和许仙一见钟情的原因，小狗“肚兜”也修足福分，转世为人，成为许仙的姐夫。
美术登峰造极，画面美不胜收，缺点在于剧情比较简单，节奏略显沉闷，总体称得上“优秀”二字。
今年年初，中美合拍的《白蛇：缘起》即将正式上映，文体两开花，弘扬中华文化，希望大家多多关注。"
1,https://www.douban.com/people/movieater/,女神的秋裤,40,2019-01-05 18:15:12,4905,2019年的第一份国产惊喜，超出预期，虽然还有人物表情动作略显僵硬的通病，但已经比《风语咒》要好，而且画面精美，构图讲究，中国风终于不再是素材的堆砌，而是拍出了古典韵味，实在难得，诚意作品，也有水平。
2,https://www.douban.com/people/rayland/,壹安²,50,2019-01-10 23:36:17,2751,国漫啊国漫，与其称之为所谓的“崛起”，不如说“魂儿”一直都在，只是“皮囊”总是染上别的颜色。《白蛇：缘起》几乎是近几年的国漫第一次敢把“爱情”主题放在第一位的，用缘分的主题、高端的国风，保证了“皮囊”纯正好看。还是要感谢有这些认真的国漫人，足以值得我们骄傲。
3,https://www.douban.com/people/157276889/,沧海一小生,40,2019-01-11 00:06:32,3636,画面处理让人惊艳，那些如画风景栩栩如生、那些打斗的场面也是细腻、水平颇高；影片源于古老的故事，这次却另辟蹊径，他们居然要并肩作战了；中美合作，动画片整体制作偏美风，所以人物可能让你有些许熟悉感，比如女生特有花木兰的痕迹，但是男生怎么像胡歌哩，难道制作方看了仙剑，哈哈哈；不过瑕不掩瑜，片子值得一看，另外音乐也是让人心醉！
4,https://www.douban.com/people/cheesecakehouse/,一口吃掉小蛋糕,50,2019-01-03 21:16:28,1598,"boss真的不是灭霸吗？蛇母为什么那么像安以轩。所以这个算十五禁了吧？猝不及防的床戏啊！开篇的水墨风实在太美了，如果全程死磕水墨风会不会更惊艳呢？不过影片画风也是无敌了
！背景太精细了！仿佛是实景拍摄。结尾的青城山下回忆杀！"
5,https://www.douban.com/people/144459333/,远世祖,40,2019-01-05 18:17:19,817,惊喜之作！对于国漫，我们向来苛责的不是技术，而是创作者究竟有没有造梦的野心，以及讲好故事的耐心。《白蛇》无疑是成功的，画面帧帧质感，动作高度拟人，情节紧凑转合，完全不给人机会跑神。每个人物都有吸睛点，故事走向有几处想要往经典剧版靠又巧妙弹开作新。蒲公英的告白和魂飞魄散生死劫，又动情又泪目。看完走出影院，我有那么一瞬间的恍然，为一人心，伏地为妖，谈情说爱，真好呀！
6,https://www.douban.com/people/yishenmanli/,熊升树,50,2019-01-06 12:36:10,1279,追光的动画一直在看，这部剧本终于靠谱了，几个人物几方势力的矛盾冲突铺垫合理而又层层递进，作为一个脱胎于烂熟传说的故事发展却十分吸引人，各种细节也充满了想象力的闪光。人物塑造也很出彩，小白这么主动还有情欲戏我超喜欢，斜马尾的毒舌小青也很带感，许宣居然能想到做妖精想必那一夜非常销魂……希望追光能把前几部赔的都挣回来吧
7,https://www.douban.com/people/144166634/,宇航员,50,2019-01-11 09:17:44,228,同为动漫行业工作者，点映的人不多，个人观影可能更多关注了技术层面，我觉得做的很好，瑕疵肯定是有的，不过整体瑕不掩瑜。画面唯美，国风浓郁，配乐剧情合格，多一些鼓励，希望可以越做越好，我在思考动漫对于除开行业内和热爱者的观众的接受度和观影时侧重点的不同。
8,https://www.douban.com/people/diewithme/,王大根,30,2019-01-09 20:08:32,887,原来是白蛇传前传，前半部分像古早的香港武侠电影，后半部分是巨蟒灾难片，有些美术设计还挺有意思，故事就还是刚认识三天就爱到天崩地裂的真空爱情。你说你一个以爱情为所有情节基础的动画，就不能把男主角设计得帅气一点吗？那么路人脸的男主谁爱得进去啊！
9,https://www.douban.com/people/52057602/,星野流魂,50,2019-01-09 20:48:58,125,这个结尾真的漂亮，轮回的故事总是那么富有情感的张力
10,https://www.douban.com/people/misterinfamous/,Mr. Infamous,40,2019-01-08 21:50:35,518,世所不容这四个字，降到殊途同归者身上，格外凄绝又格外悲壮。白蛇委身的男人，这回多了一份灯蛾扑火的奋勇，也多了一份拨云见月的智慧。就像是杨过与小龙女，不仅是改写了世俗的不公，而且是赢取了彼此的平等。所以见惯两腿恶人后的许宣，能说多一条尾巴又怎样，所以感受过大爱无疆的小白，也能说弃掉千年修行又如何。浮生掠过，还是只记那点温存，无论几世何年，尚有断桥在。这样旧瓶新酒的故事，追光从画面与质感上都展现得太惊艳。再打磨下，大有可期。
11,https://www.douban.com/people/skymoto/,团小纸,30,2019-01-11 14:43:38,402,追光的技术已经很好了，就差一个好编剧……
12,https://www.douban.com/people/84391390/,Leediudiu,50,2019-01-13 18:30:04,91,结尾大战稍微有点崩，但是不影响热泪盈眶加5分啊，结尾曲旋律想起来的时候，我这个80后大叔又泪目了
13,https://www.douban.com/people/Dcynic/,Oracle,30,2019-01-10 23:06:37,393,片尾曲响起之前，我从未想过这首旋律如此熟悉的歌曲可以有如此力挽狂澜的功效
14,https://www.douban.com/people/154147105/,天天我向上,40,2019-01-11 00:23:58,391,动画设计在目前国漫里还是相当不错了，有些场景甚至有大气滂沱之感，让人惊艳了，而且音乐也贼好听，难得了！
15,https://www.douban.com/people/104276592/,噜噜123,30,2019-01-14 02:19:43,270,"剧情太莫名其妙了
小白和阿宣莫名其妙就上床了，上完床小白莫名其妙就要六亲不认离开阿宣，小白莫名其妙就要去屠村，师傅莫名其妙就要吸干所有徒弟的精元……"
16,https://www.douban.com/people/ballteda/,掉线,30,2019-01-17 00:21:13,232,【C+】徐克+仙剑奇侠传，电影不差，但国漫崛起了吗？没有的。经过数年，国产动画已基本解决态度差，制作糙，取向价值低幼等问题。真正摆在他们面前的桎梏，是“写出属于动画的剧本”，而不是讲一个用真人形式也能拍摄的故事。动画的意义不是给剧作潦草遮羞，而是为了去展现想象力与现实世界无法实现的东西，等华语动画人能普遍有这层意识，国产动画才真正有赶日超美的可能。
17,https://www.douban.com/people/cliffx/,范克里夫大尉,50,2019-01-13 23:13:43,76,真心好看到炸裂，完全没尿点，斗法的场面牛逼疯了。希望多给排片啊……另外片尾彩蛋别错过，很重要。（求出老妖和狐狸精的手办啊）
18,https://www.douban.com/people/zhanyakui/,kakakarl,40,2019-01-08 20:07:11,342,蛇能有多冷血，睡完许宣马上就说恩断义绝再也不见！纯正的中国风，掺杂着水墨和写意，阴阳五行奇门遁甲，形象和技术还是一如既往地好，在大银幕看见国产动画的吻戏和床戏，虽然故事里还是有不足，但是拍前史比翻拍正统《白蛇传》靠谱，最后还有一些点到即止的致敬，2D上映，也没用3D骗钱，是追光动画最好的一次！
19,https://www.douban.com/people/135703439/,天堂电影院,50,2019-01-11 19:59:20,92,视觉盛宴，惊为天人啊，这才是国漫啊，一直在进步的国漫啊，给100颗星都不足以表达对国漫雄起的激动，追光人加油啊！
20,https://www.douban.com/people/167774025/,尝胆,20,2019-01-11 19:12:14,1297,中学生写网文，故事讲不好，骚句子特别多。男主冻成渣后旁边一女观众说了句“终于死了”。
21,https://www.douban.com/people/june.q/,马 夋,20,2019-01-03 19:15:27,837,坦白说，这两年追光一直没有啥进步。尤其这部上面，中国元素依然符号化的滥用。好像很多人分不清，蛇、蟒、蛟、龙是四个不同的生物。
22,https://www.douban.com/people/angle223/,不良生,30,2019-01-12 21:28:34,219,我决定再去看十遍《新白娘子传奇》。
23,https://www.douban.com/people/72002197/,极圈里的燕鱼,40,2019-01-06 23:36:12,309,既然是成人向作品，剧情也不该这么简单幼稚。还有什么轮回转世得道修仙这些廉价的页游网文不离口的台词极大弱化了视觉营造出的史诗感。画面质感和人物动作在细腻和生硬之间不时切换。不过法术过招的视觉特效真的很赞，尤其是国师布阵大战众妖的戏份，很过瘾，很有想象力，也很有视觉冲击力，甚至让我想到《最后的守护者》中对于艾格文屠魔的描写。在这个廉价3D横行影院的年代，很纳闷为什么有些理应强化震撼力的作品却选择2D，就冲打斗场面的视觉特效，我觉得去看不亏。
24,https://www.douban.com/people/Sultenfuss1972/,路易思,50,2019-01-16 00:26:48,60,白蛇这是赤裸裸的骗炮……
25,https://www.douban.com/people/150048930/,瑜笙皆假期,10,2019-01-08 18:11:29,948,看网红冯提莫版白蛇如何“cos”泰坦尼克号的冰山别离。
26,https://www.douban.com/people/metaphor17/,metaphor17,20,2019-01-08 15:37:31,817,由于照顾海外市场的需要，影片在故事层面做了妥协，略微有些薄弱。技术上也称不上太好吧，为何大家对国漫如此的宽容？
27,https://www.douban.com/people/171769404/,哦,50,2019-03-06 10:05:20,2,许仙终于可以和白蛇并肩作战了，我最不满意这个故事的就是许仙一直被保护，两个人的感情不对等
28,https://www.douban.com/people/70563833/,MrZhai,30,2019-01-12 09:51:20,204,讲真，制作人是不是腿控？恋足癖？
29,https://www.douban.com/people/B613/,丸秋,30,2019-01-10 22:57:26,182,宝青坊好评，狐妖太酷了。整个剧本都欠打磨，转合没一个不生硬的，狗可能是从《花木兰》小龙那里照搬过来的。许宣有屌癌，自大狂。
30,https://www.douban.com/people/qijiuzhiyue/,桃桃淘电影,30,2019-01-22 13:54:02,69,以追光自己作品的角度，终于确实有提升，起码找对了方向，不再弄那些土洋结合，小孩子乱蹦的东西了。剩下的，就是更加丰富自己的故事了。
31,https://www.douban.com/people/woshizhu87/,萍水相逢,30,2019-01-11 12:56:12,109,光天化日就这么来了？上一秒刚上床下一秒就翻脸？画面是真美，就是人物表情眼神跟傀儡一样空洞
32,https://www.douban.com/people/74913423/,空灵赌徒,10,2019-01-03 18:55:45,291,诶哟 当看到四足三头鸟出现我就对本片毫无期待了 这个审美呀 真的是 花花绿绿的特效 实在太浮夸了 最后什么乱七八糟的渲染气氛 看的头疼
33,https://www.douban.com/people/PandaMovieMusic/,Panda的阴影,30,2019-01-08 22:28:22,70,还想着追光和华纳合拍，兴许能改良《小门神》《阿唐奇遇》《猫与桃花源》诸如「人物台词嘴型对不上、动作力度有欠缺、形象设计欠佳（大部分蛇妖真是欣赏无力）……」等问题，结果老毛病一如既往地延续下来，我也是醉了。当然可圈可点的背景制作也得到传承（部分蛮有中国风的空镜挺美轮美奂的）。至于故事，这个追光动画的短板，真是一而再再而三地不满意。每次都3.5星鼓励，结果至今都没质的改善。
34,https://www.douban.com/people/162473935/,齐雨,40,2019-01-08 20:35:51,255,一时欢情，我记了五百年。知道为什么吗？因为和一切永恒相比，转瞬即逝的永远最美好。
35,https://www.douban.com/people/153112416/,思路乐,30,2019-01-12 12:00:46,64,【C】我算是明白国漫现在到底尴尬在哪儿了，就是他们糟糕的市场定位。作为一部动画电影无论如何首选受众目标肯定是儿童，但本片的主题“爱情”却并不是那么令人好接受，况且主创还加入了不少恶趣味和少儿不宜画面，这就导致本片不是那么能让孩子在电影院看的高兴。另一方面，故事上由于时长所限，导致叙事节奏太快，有很多人物性格的转变实在太难以令人信服，这就造成了一种电影与观众的隔阂感，这也让电影无法有足够的吸引力去让成年观众买票。这样“高不成低不就”的尴尬定位导致本片很难在商业上获得成功。唉，没办法，国漫目前还是只能缓慢的螺旋上升发展。
36,https://www.douban.com/people/wxs723/,又又,50,2019-01-12 15:00:23,49,真好看啊啊啊啊，画风像仙剑，视觉像徐克，故事也很棒！好喜欢狐狸精哦，许仙也终于不再是文弱书生了。小青青好可怜哦沦为炮灰…好久没被这么俗套的爱情故事感动了…
37,https://www.douban.com/people/china-undead/,武侠小王子,40,2019-01-12 15:10:54,206,我想拜那位蒙面小道士为师，不知道有什么渠道吗？
38,https://www.douban.com/people/50694367/,甘豆腐,50,2019-01-12 01:56:47,59,"看之前：预告片演的都是啥玩意儿啊！追光到底想不想在圈内混啦净瞎几把乱改！人物怎么这么丑啊！不看不看！


看之后：真香。。。"
39,https://www.douban.com/people/qiaotaizi/,zitsunari,30,2019-01-19 15:40:05,34,「共享共有，万流归元」这个口号的隐喻太明显了，前半句是表，后半句是里，影射的是级拳的实质，所以妖妇和道士之争，实际也就是xxx和xxx之争，无非妖在野而人掌拳，道士剿蛇固然残忍，当妖妇击败了道士，所作所为有过之而无不及。
40,https://www.douban.com/people/127665862/,如墨画卷,40,2019-01-05 21:48:16,234,唯美的风格、黑白水墨风的影像、浪漫的故事，将白蛇与许仙的美好爱情得以近乎完美的诠释；影片以人与妖如何共存为核心，以善恶的命题为起始点，以此来诠释许仙与白蛇之间的前世姻缘。与此同时，片中关于五行与古乐的“描写”，更是将“前世今生”这个命题描绘的淋漓尽致。
41,https://www.douban.com/people/zhangzongqian/,亵渎电影,20,2019-01-16 02:46:00,604,就这质量，不就是Netflix的网大水准吗？各种一锅乱炖的致敬元素让它有着浓浓的大数据感，工业水准很不错，但故事却又空洞无物。相比去年《风语咒》，它的优点是剧作上没有方向性的错误，缺点是故事的层次感太弱，导演处理动作戏的能力也是野心很大，能力很差。两位导演还那么想拍动作戏，结果处理动作戏的能力跟隔壁《大黄蜂》的导演似的，只会一刀斩，感觉导演更适合去拍《一拳超人》。就像酷炫屌炸天的纸片人和那群奇形怪状的小妖精，就是撑场面的活道具？至于这个中学生网文感的一见钟情约炮故事，和白蛇、许宣这样的棒槌人物，你不能仗着有《新白娘子传奇》和徐克的《青蛇》之类的影视剧作品，就可以在人物塑造上这么偷工减料。这么一个故事，换成动画，紧随当下的网红脸审美潮流，把人物造型做成大型网游，再老调重弹一遍就那么有意思？
42,https://www.douban.com/people/60666720/,末路狂花。,30,2019-01-11 19:14:27,81,画面还行，剧情以及人物塑造差强人意，没什么打动人心的情节和细节，如果不是贴了个国产动画的标签，平庸得让人过目就忘。
43,https://www.douban.com/people/celt/,好运珠珠,40,2019-01-03 18:00:32,166,故事讲述了白蛇在西湖断桥与许仙一见钟情的前世因缘。动画风格唯美浪漫，有黑白的水墨画风格，又有奇特诡异的妖魔风格。作为动画片的标配，片中的小狗狗给本片带来了很多欢声笑语。本片集爱情与魔幻为一体，颇有徐老怪版狄仁杰以及倩女幽魂的神韵。
44,https://www.douban.com/people/93124222/,寒枝雀静,30,2019-01-19 14:33:54,37,D / 剧作其实一直缺少一个足够有内聚力的主轴，导致文本上种族、爱情、生死、记忆等等都有种穿插乱飞的混杂感，缺少主题上的纵深递进。情感线的律动也因为奇观展示的需求被遮蔽掉不少。当然最大的bug还是一个女性叙述的回忆却暴露出过度男性向的趋势，所谓成人动画大概还是偷换了性别主语的成人。尽管整体依然保守且有大量显而易见的缺点，却能被细节上的恶趣味娱乐到。各色设定虽然简单直白却处处透露出“好邪恶好强大”的气息，在审查限制之内留出了颇为魔幻的臆想空间。国漫横向比较而言个人还是更喜欢《大鱼海棠》。
45,https://www.douban.com/people/57987263/,海角七号,20,2019-01-13 19:33:44,690,八分是认真的么？？逻辑不通，剧情老套，感情空洞……还有，能不能给女性角色穿条裤子换掉鞋拖！
46,https://www.douban.com/people/wudaoxing/,次等水货,30,2019-01-11 20:08:47,51,不如预期，开场几句对话、一个道具、男主的名字第一次被叫起就能猜到结局的样貌了。结局在一开场就被参透也没啥，那看过程好了，却明显能感到这个故事开发的痕迹，仿佛创作者们凑在一起头脑风暴一番，说要有这个要有那个，然后由编剧串起来填充一下台词，完了就开始制作，结果却让人感觉这个故事散发不出活力。且它没有大的世界观，很多桥段都有别人的影子，应该是从《哈利·波特》、《天龙八部》、《青蛇》等作品中汲取过营养。
47,https://www.douban.com/people/syfan/,野思,30,2019-03-03 17:37:46,1,追光搞门神茶宠低幼向失败之后搞成人向。“既然以前小孩不买我们的账那我们来讨好大人吧！”效果竟然远超想象，法宝工坊那里我很喜欢，萝莉面老狐狸比小青小白更吸粉，剧情啥的就算了吧依旧难看。
48,https://www.douban.com/people/lephemera/,蜉蝣,30,2019-01-13 19:54:28,19,一会儿古韵一会儿灾难片的画风以及古装高开衩露大腿的造型，看得人很分裂。新编的故事充满拼贴感。对战节奏紧凑超过预期，但依然摆脱不了你大我更大的直观视觉对比，多用点技能交代不行吗？总体值得鼓励！
49,https://www.douban.com/people/66331142/,贡丸猩猩,20,2019-01-08 21:42:52,557,披着白蛇设定的打怪片，最后还要强扭到正传。小时候看白娘子传奇，白蛇是一个智慧，勇气，敢于反抗传统的充满魅力的女性角色；但9012年了，白蛇却变为一个完全被动的被拯救的女性角色，可悲哦…
50,https://www.douban.com/people/50060410/,朝阳区陆依萍,20,2019-01-15 17:53:50,489,哈哈，约P就约P，约出感情那可还行...
51,https://www.douban.com/people/48032600/,连子glu,50,2019-01-14 00:31:29,44,这是我人生中第一个二刷的电影，喜欢的不得了
52,https://www.douban.com/people/grinch/,大奇特(Grinch),20,2019-01-08 20:00:48,366,新新白娘子前传，前面用一首《缘起》给船夫的《渡情》除旧立新，表明了创新的意图。然而新编的故事却很薄弱，感情突兀，转折生硬，国师领便当及师父的转变都很唐突，结尾又是那套比大更大的现原形对战模式。大概只有最后一分钟回归青城山下白素贞时比较好看。
53,https://www.douban.com/people/EarlVampire/,叶随霓,10,2019-01-09 20:17:20,139,身体和五官比例严重失调，因为是妖怪，所以不会捏脸么？光是看图就吓死了，都不敢看剧情了。 这个电影：角色模型太多圆滑，女性角色的锥子脸造型是用来符合网红审美的么？然后从男性角色和村民的形象，还是流水线出品。不仅不够细腻，更加的不够真实。其次，整个剧情并没有什么特别的吸引人的地方，后半段的剧情就像是流水账一般，几个转折的地方也非常的生硬。---不好看。。。
54,https://www.douban.com/people/70201945/,不野,50,2019-01-16 09:30:01,38,我还想看宝青坊老板娘的片
55,https://www.douban.com/people/65400706/,冰镇西瓜橘子水,40,2019-01-09 20:10:59,166,和风语咒一样的毛病 结尾大战缺经费匆匆结束 但是风景很美 中间一段青白二蛇斗小道士的打斗很惊艳 还有白娘子也太美了 全程看脸 四星鼓励
56,https://www.douban.com/people/evelynk3/,6600,10,2019-01-18 07:50:54,129,？就这能8分，道德绑架名不虚传。想起去年陪小侄子看熊出没的惊喜，国动什么时候能认真平等的关注子供向作品，能意识到把它们包含其中的国动早已有了长足进步。而不是抓住一个白蛇就高举国动大旗，如革命希望般大做文章全民动员？心血来潮的所谓国动支持者，有多少是自己正歧视着国产动画呢？
57,https://www.douban.com/people/3161053/,废铁城的小月亮,40,2019-01-10 22:40:45,123,居然是和华纳合拍，制作中方为主，很惊喜！王总放弃搞创作之后，追光原本就很厉害的技术助力整片水平腾飞，从小门神开始的粒子旋转大法到这一部已经用到了出神入化的地步2333唯一希望更进一步的就是完全原创能达到这次的水准吧～最后，两口子谈恋爱的时候请多关爱一下旁边的单身狗，不然ta下辈子可能会变成你们的姐夫……（姐姐做错了什么！）推荐观影，期待追光的下一部作品～
58,https://www.douban.com/people/48480567/,Jorrow,20,2019-01-08 20:57:46,269,国产动画里的超级大片，可惜电影基本也只有白花花的大腿，万万没想到国产动画成人化到都有云雨部分了。技术跟故事始终此长彼短，情节的转变甚至人物的出场非常仓促突然。
59,https://www.douban.com/people/Len./,恶魔的步调,40,2019-01-11 19:34:01,80,灭霸，你是不是窜场了啊？
60,https://www.douban.com/people/54814792/,Sherlock,40,2019-01-04 20:45:46,101,很惊喜！观影过程中一直在默默计算，关于剧情的设计都经得起检验，关于想象力也有足够的展现。缺点大概是：价值的变化不够详细，人与妖的感情应该冲破些什么、牺牲掉什么，人与妖能否、如何和谐共存；一些人和物件的设定不够详细，玉钗的功能应该细化一点，男主中的蝙蝠，会说话的狗和地下的符文等应该承受更多的功能；还有就是关于中国风的老问题，但已经无需苛求太多。最后的大战的缘起逻辑有点弱，但三层的节奏都非常精彩——在很多商业片里都没见到。现在能做出给人留下印象的人物的不多，而本片却产出了人气角色：坊主的香艳，真是非同一般。
61,https://www.douban.com/people/movie007wn/,蒜 | BOY A✎,30,2019-01-15 11:48:26,37,都被《新白娘子传奇》的BGM感动了，还不如多看两遍《新白娘子传奇》，大家对国产动画真是太宽容了，对纯爱故事太向往了，用近两年最贵的一张电影票支持国产动画，尽力了
62,https://www.douban.com/people/132877053/,LOD,40,2019-01-11 06:26:26,98,画面非常棒，人设也很喜欢，女主很漂亮，结尾桥上回眸最惊艳，肚兜这个单身狗也很有意思，最有特色的还是宝青坊的狐妖，诡异的萌感，激情床戏我个人觉得是很唯美啦。中间两条蛇和小道士的打戏其实比后期大蛇那段更精彩，看的更爽，音乐也是很棒的，还勾起经典回忆，周深的那首也很好听，之前听到才决定去看的。说说缺陷，男主完美的像个神，抗揍痴情懂得多，可惜长得不够苏，转世成许仙还顺眼一丢丢；反派太单薄太弱了，设定感觉也讲的不是很清楚，还有那个钗的具体作用也迷迷糊糊的，是连带魂魄记忆一起封印了？
63,https://www.douban.com/people/154751472/,于非,10,2019-01-15 23:10:37,116,这么经典的神话故事就不能好好写前传吗？还吸星大法？就不能好好奋斗、踏踏实实修炼吗？还有小青，是怎么从形神俱灭阵中出来的？少有的几幕水墨画运用的不好，很突兀跟整体画风差别太大，像是穿越到另一部片子。配音配乐太嫩，渔舟合唱简直尴尬死。
64,https://www.douban.com/people/54308994/,森夏,30,2019-01-03 16:46:08,40,画面和动作不错啦，有钱投资，追光动画就不能选个好本子么🤣，太网络文学了！很俗套，上来就失忆梗，人物情感进展突兀，整个故事太简单，很低智，一言不合就开打。人物没意思，台词太生硬。没什么新意，能看到很多同类作品的影子。最后一战蛇的形象想到了《龙之战》，但好得多打一会儿啊，危情紧张都没达到最高。此外剧情上还有好多瑕疵。还有不知道是不是甄嬛传留下来的坏毛病，现在古装剧的人都不好好讲话了，当然这个可能是我个人趣味。但最令我惊讶的是，这是部偏成人带色情化的动画电影。不是说情色低级，是处理的太低级，看的我鸡皮疙瘩直掉，不觉得美。床戏太突兀了，好尴尬。小青小白打廉价的姬情擦边球。
65,https://www.douban.com/people/163264347/,mua,20,2019-01-11 21:17:21,175,友情提醒，女生不要和自己的女性朋友去看。
66,https://www.douban.com/people/60599665/,肖恩恩恩恩肖,40,2019-01-14 22:38:54,53,确实超出预期了。虽然问题还是不少，比如结尾煽情太刻意，足足让主角哭了五分钟。白蛇的配音太做作，明明御姐人设，却很爱哼哼唧唧。但是故事讲这么顺实在难得，加上头一次在电影院看到动画角色的床戏真是震撼。一句话：女主角长得像杨超越的动画片运气不会太差。
67,https://www.douban.com/people/86010283/,游方百里,30,2019-03-08 23:13:33,1,"“人间多的是长了两只脚的恶人，多了条尾巴又能怎样”
观后感:美术效果不错，剧情还是有点硬伤"
68,https://www.douban.com/people/xxyilun/,阿伦和饭师傅,40,2019-01-03 20:08:58,67,虽然桥段俗套，但挺好看。 挺标准的商业片。
69,https://www.douban.com/people/nezhaboy/,哪吒男,20,2019-01-19 15:52:52,80,反派的“共享共有”可太吓人了
70,https://www.douban.com/people/iisakura/,萨库拉,40,2019-01-14 23:04:10,34,除了男主很像林更新女主很像杨颖，其他都超出预期。万万没想到是谍影重重加倩女幽魂加千与千寻再加仙剑，对《新白》也很聪明地致了敬，最后断桥上《前世今生》响起时简直哭出来。就是对少年之爱无法免疫。
71,https://www.douban.com/people/52286623/,what'swilliam,30,2019-01-13 19:08:00,19,3星半。水墨风果然还是国漫最华丽且难以复制的法宝。电影致敬了拍此题材无法绕过的两座大山《新白娘子传奇》和《青蛇》，尤其《青城山下白素贞》的旋律响起时，全场哼唱无人离场，有点感人。按理说动漫更容易塑造外型美到极致的形象，可本片中的女主形象总是让我分分钟感慨还是赵雅芝和王祖贤美，女主神似范文芳，男主像胡歌or佟梦实，小青gay里gay气的。斗法场面足够绚丽。剧本问题不小，“许仙”化身活力少年郎的想法很好，但总给人一种“色字当头的青春期少年看人家姑娘好看就一直跟着”之感，他一个捕蛇人怎么懂那么多的？猝不及防就床戏，还特么在佛塔里？猝不及防蛇王人设崩塌，男女主刚认识就谈理想，反派智商堪比草履虫。估计经费有限部分反派配角形象非常“网游”。很想去帮这部电影改改剧本。
72,https://www.douban.com/people/miumiu-li/,无耻不混蛋,30,2019-01-12 08:11:20,13,融合了动作、奇幻元素，让许仙与白娘子的传奇爱情，变成了动作奇幻大片。并融合了传统的中国特有的水墨动画晕染效果，总的来说，还是值得鼓励。
73,https://www.douban.com/people/fattyme/,雨女无瓜,30,2019-01-17 10:27:53,23,说实话真的觉得很一般
74,https://www.douban.com/people/120148116/,冬不贰,30,2019-01-13 09:45:57,25,这么好的技术，就不能好好打磨一下剧本？
75,https://www.douban.com/people/Houseby/,書衣偵探華斯比,50,2019-01-16 11:23:12,17,今生情尽空悲切，来世再续未了缘。
76,https://www.douban.com/people/ydyie/,时间之葬,40,2019-01-30 18:53:53,26,除了略微明显的网游质感，视觉上还是呈现了相当的想象力。值得玩味的是，一边是练道修仙求长生的国（Z）师（F）带来苛捐杂税，一边是民间领袖高呼共有共享实则一人独吞，让我想想这是在黑谁
77,https://www.douban.com/people/129647964/,Pronoia,20,2019-01-12 18:39:40,77,我略蠢 我佩服我自己
78,https://www.douban.com/people/reave/,谢谢你们的鱼,40,2019-01-11 18:31:54,48,“人间多的是长着两条腿的恶人，长条尾巴怎么了。”真的是没有白喜欢追光之前的作品，在修补了之前的很多的创作缺陷之后，我还是第一次看到一部把画面美学和故事美感结合得如此出色的国产动画，而且还真的是实打实的成人动画，小白真的是性感，吼吼吼～当然，故事不像《白蛇传》，倒是更像是失忆版的《倩女幽魂》。
79,https://www.douban.com/people/dreamfox/,乌鸦火堂,40,2019-01-20 22:16:16,16,追光动画最好的作品，其实也是被安利才看得，因为追光之前的作品全看了，对他们家有点灰心了，所以才刚看，还好终于起势了。画质不必多说，追光一贯的高品质，道具、场景设定是东方神韵，特效场面则是偏于西方。故事难得顺畅了一次，也很动人，结尾致敬断桥白娘子。台词一般，女角色人设都很好，男性角色相形见绌。许宣像胡歌，小白更像邱淑贞，小狐妖貌似圈粉无数
80,https://www.douban.com/people/ruo1996/,徐若风,40,2019-01-19 14:02:51,22,"在追光上一部《猫与桃花源》后，我曾说“事不过三，与它决裂”，所以这部拖了那么久才去看。但令人颇感意外的是，它几乎是我认知范围内，登上院线的国产商业主流三维动画里的最佳作品，是真正的行业顶尖，甚至放在国内都已经不具备可比性。如果说《大圣归来》之流算“分水岭”，那么这部简直就是一步极大的飞跃。
从模仿徐克的改编思路出发，这部电影不仅是一个紧凑、有趣的故事，善恶观模糊中又带着笃定的人物塑造，最厉害的是呈现了精致之余、非常扎实的美术世界里的奇幻唐朝，尤其是在“修葺木塔”这一建筑物的细节还原、宝青坊的奇观展示这两块，完全是教科书级别。可惜，情感线索的铺垫不够充分。"
81,https://www.douban.com/people/longzheking/,汪金卫,20,2019-01-14 22:04:37,78,动画技术方面，场景空间模型非常精致，水火效果和动物道具模型也都不错。相比之下人物角色建模就太差了，男女主造型和十几年前的国产游戏CG动画相当。尤其是毫无肉感的皮肤、面瘫表情脸与轻飘飘的重量质感，导致动作戏也显得略假，让人很出戏。距离外国动画团队差距还很大。剧情方面也较薄弱，架空历史讲玄幻，宝青坊主设定太奇怪。不是增加一场露背床戏就是成人向了。两星半
82,https://www.douban.com/people/W3IQ7/,OCT IO≯,40,2019-01-12 16:25:58,44,追光已经达到了故事能'想到'，技术能'做到'的程度，这些年的积淀以及持之不懈的尝试终究没有错付！不单单只是贩卖情怀，而是有一个足够真诚且动人的故事！致敬的段落不发尬，点到为止恰到好处算是惊喜…打斗戏的镜头调度和橘子社有一拼，但人物情感刻画和面部细节的处理还有很大的提升空间，黑屏切够多够硬，情节的推进和转折亟待编排优化，瑕不掩瑜、希望这些问题能在续集中能得到改善（学日漫乱加杀必死的毛病也得改！）……国产动画不易，总的来说达到并超出预期，起码甩出之前号称国漫之光的“三大”（《大鱼》《大圣》《大法》）一大截……多半星鼓励之！
83,https://www.douban.com/people/lidada304/,茶底世界,40,2019-01-11 18:34:29,50,对于国漫，我一向都是不吝赞赏的，加油鼓劲并指出问题永远比单纯的谩骂有用，画面一流水准，制作精良，故事层面有所进步，致敬了不少经典，比起前三部来说算是不小的进步了，可是急于摆脱低幼的帽子又陷入了另一个怪圈，有些画面过于成人向，但故事并不成人向，应该来说是青少年向，还需要再加油，最后，祝收回成本，这一部成本看起来就很高昂，以我的了解，最少八千万吧（保守估计，希望比这低），追光坚持下去，记住你们的梦想，你们是要做中国皮克斯的公司，加油，加油。
84,https://www.douban.com/people/CUCA-Zoe/,Howe,30,2019-01-05 20:22:30,27,似乎想讲很多东西但每一样又都没讲好，节奏有些乱，感情也有的生硬，很多台词显得又装逼又多余。国师突然领盒饭，蛇妖头目突然又反转让人有的摸不着头脑。另外，香艳的元素有点过头，轮回转世等封建迷信元素也不可取。
85,https://www.douban.com/people/luzhiyu/,陆支羽,30,2019-01-12 00:22:18,12,3.5。
86,https://www.douban.com/people/christan1987/,平成御宅,40,2019-01-17 17:43:13,27,肚兜是小白和阿宣的灯泡，阿宣是小白和小青的第三者。
87,https://www.douban.com/people/140404503/,英年早睡,20,2019-01-11 23:21:26,68,除了战斗场面的分镜与人物动作的捕捉做得十分好之外，基本上都是随便拿起来可以吐槽的。人物面部像打了玻尿酸苹果肌的杨天宝一样，所以就是动作很真人，整体上来就是一股违和感的假。还有一种大家已知的生物——蛇，怎么把它改成猫科动物了？摆出震慑状就靠吼？蛇是吼的吗天啊！剧情就更是槽点一箩箩，失忆就算了，为什么恢复记忆是因为看到一个跟自己毫无关系碑文？你要抛出仙剑赵灵儿的命题（妖是天生就注定要被消灭吗？）就算了，为什么立了命题接上的是滚床单？第一次使用会飞的伞就已经操作自如？一支发簪能支撑一个人的重量？被吸光法力的小青是如何逃离最后那个阵的？打完boss才清小怪这个逆操作我也是服！篇幅有限不一一尽数，整体来说，这是一部不合格的电影。
88,https://www.douban.com/people/1441177/,怀璧不予,40,2019-01-28 12:11:02,23,蛇与鹤的意象用得特别好。小青太帅了，传说中小青本来就可男可女，第一次遇到白蛇就看上她了，于是跟白蛇斗法，如果赢了就从了他，结果输了，就变成女身当姐妹。讲真，小青当初要是赢了，也没姓许的什么事了。期待出小青和白蛇的前传。
89,https://www.douban.com/people/richer725/,荔枝超人,20,2019-01-15 00:14:08,68,这是小白还是小倩？？（甚至有不少元素跟动画版《小倩》是雷同的）编导大概是抓到了几个teenager观众会喜欢的点，其余就东搬西凑也没所谓了，大段大段的打戏和莫名其妙的“动人爱情”实在太儿嬉。PS谢谢你们没有做成3D发行。
90,https://www.douban.com/people/182657894/,Ananke.,20,2019-01-21 00:00:25,54,"1.剧情硬伤。有少儿不宜的亲热情节却有着低幼动画片里有的简单剧情。许宣居然恋爱脑想都没想就选择了成为妖，尽管女主只跟他相处了很短的时间。恋爱剧情也很俗套，脸谱化的反派。人物性格也没有怎么刻画，都是为了推动剧情。
2.脸模西化。虽然是中美合拍，但是感觉这脸模换个瞳色直接可以去演冰雪奇缘了，就是典型的迪士尼公主的脸模，而且脸模辨识度差，小青和小白脸其实是比较相似的，个人也不喜欢这种西方审美中中国吊梢眼的模型，还是希望能有更中国化的辨识度高的脸模。
3.营销过度。一大堆人说埋没了这部好电影，实际上看完了以后并没有那么好的效果，网上一堆国产神作，感人至深的评价，实话说，在我眼里真不如风语咒和大鱼海棠。（这两部片在情感渲染上不知比它强出了多少）"
91,https://www.douban.com/people/rebekah/,眠去,40,2019-01-23 11:41:23,13,好喜欢哦，最惊艳是那个萝莉身的老狐狸，超酷啊！国产动画真是很难得了
92,https://www.douban.com/people/human5/,人五_,40,2019-01-16 18:27:59,22,是好看的，看哭了。
93,https://www.douban.com/people/gallimard/,桃花石上书生,40,2019-01-17 23:05:56,15,不错。把柳宗元的《捕蛇者说》串进去了，设定有新意。人物形象有点网游，习惯了觉得也好看。不输好莱坞一般的动画。
94,https://www.douban.com/people/60016173/,zeroasd123,40,2019-01-11 23:38:16,32,国产3D动画的技术力，美术背景的渲染以及人物建模全都让人赏心悦目。导演真实腿控，各种大白腿，尤其是初见狐狸精老板娘那里极为惊艳。剧本上还真没怎么拖后腿，起承转合除了后面有点赶没啥毛病，但不得不说动画题材还是占了点便宜，可是近十年来大陆最好看的白娘子故事片居然是这个，那之前各种真人影视剧也有些丢脸吧。虽然是故事新编，但是将“爱”这个主题展现的还真不错，最后那幕我真的有点被感动了....
95,https://www.douban.com/people/hejingying91/,4个柚子,20,2019-01-21 17:00:34,62,这个剧本我给-1星，场景给3星，不过为什么这样的烂片在豆瓣评分能到8，各种强拉硬扯的凑剧情和莫名其妙的自我高潮以及自以为是cue到了的流行梗。还有国产动漫有个特点就是路人角色绘制的都非常丑，不管主角还是配角都双目无神
96,https://www.douban.com/people/cyctntx/,牯岭川,20,2019-01-11 18:18:23,45,差强人意，逻辑都给奇观让路了，宝青坊和大决战的视效是有亮点，但是作为爱情故事是不合格的。一月院线虽有些乏力，不过想达到当初《大圣归来》的影响力应该很难。
97,https://www.douban.com/people/162790229/,parachute,20,2019-01-14 00:52:03,37,尬死我了。
98,https://www.douban.com/people/91822577/,？,20,2019-01-20 22:10:53,28,虚无的“中国古风”外壳与日本ACG亚文化杂交的怪胎，里面大量的星宿、八卦等常用的中华古典文化符号并不具备真正意义，只是用来填补动画空洞内涵好让其看起来是在弘扬深奥传统文化的遮羞布。一如片中人物说着矫揉造作的“古风”台词营造出的“古韵”，是虚假的、当代的、流行化的，如此看来便更加可恶了。人物与场景画风也不复早年国产动画的写意缥缈，受美国和日本动画以及网络游戏的影响极深，无论是主角们缺乏辨识度的“美型”人模、卖弄性感的萝莉童姥，还是“唯美”的高饱和场景建模都漫溢着塑料质感，以这样的美学去讲述最传统的中国故事是不可接受的。而在故事层面，也泯灭了中国动画最注重的含蓄美与留白，毫无铺垫且直白的情感表达和打怪升级般的游戏发展彻底损毁了这部动画的内核，廉价到无法使人感动。（对了，配音演员表现也很差劲）
99,https://www.douban.com/people/153723218/,苏大,20,2019-01-20 13:24:49,37,新酒装旧瓶，剧情过于简单了，实在是不敢恭维。除此之外，男主和胡歌明明就是一个模子里刻出来的，非说是令狐冲，这种像某人又不能是某人的擦边球把观众当弱智的把戏什么时候能够停止。国漫雄起，国漫雄起，从大圣归来就开始喊的口号到现在还没雄起，利用爱国情怀卖票，不敢苟同。
100,https://www.douban.com/people/1571983/,文,20,2019-01-11 19:14:34,29,两分给视觉效果 故事核0分
101,https://www.douban.com/people/58426455/,Neroat,40,2019-01-22 21:36:00,13,制作非常精良，分镜很不错。剧情略微差一点，部分剧情突兀又狗血，结尾结得很漂亮。男主建模普通了点，还不如那个gay gay的道士，不过最后许仙能不能够剃掉下巴的胡子啊，设定是个年轻书生诶！感觉会有第二部。三星半，加半星以资鼓励。
102,https://www.douban.com/people/grammarbai/,格俐玛,40,2019-01-18 23:38:22,7,最后西湖重逢，音乐响起，大家都哭了。情怀点准确，上一次如此成功煽情的是开心麻花白蛇小品。中美合拍带来了三种东西：一是身体，镜头运动从腿开始，增强了白蛇故事的“性”意味，翻转了《新白》的禁欲美学；二是怪兽，种种恐怖奇观；三是女性向，人设大变，许宣无悔付出，白蛇反倒心事重重。遗憾是表情抓取有些僵硬，动作场面过多，只想看谈情说爱。
103,https://www.douban.com/people/storyof/,格里高尔,50,2019-01-23 21:28:55,10,一刷：突破尺度令人意外，狐狸精杀必死，加一星。二刷：感觉剧作比较精致，没有太尴尬的台词，有些衔接还相当巧妙，此外看出了极多性意味，感觉这电影存在某种创作核心，比如：直男的疯狂性梦。许宣和白蛇初次打着伞飞翔，如果把伞视为象征物，那满天白色蒲公英种子是什么？狐狸精的部分太露骨，无需说，青蛇和白蛇，乃至青蛇和许宣，都各有各的火花四射。
104,https://www.douban.com/people/163153701/,盛世美岩,40,2019-01-15 19:15:51,10,"          叙事太乱了，本来故事都没讲清楚，还加那么多动作戏（虽然动作戏很优秀！），全片都在赶时间，给人感觉就是一个平时总考六十来分孩子超常发挥，拿出来考九十分的实力，最后考了个八十分，遗憾还是明显的。
         其实剧本上所有的亮点都应归功于原作，这不由得让人惊叹这个古代爱情故事有多么的好，即使在我们因为《青蛇》和《白娘子传奇》这样的作品已经穷尽了所有的可能的情况下，这样稍加点缀后的佳作仍然能带给我们感动，结尾的煽情确实击中要害，几生几世修来的再见的缘分，无缝衔接《白蛇传》，更何况全片的画面精美至极，一招一式间的文化底蕴呼之欲出，全然不似中国动漫的水平，能有这样水平，算得上十足的惊喜了！国漫加油！"
105,https://www.douban.com/people/59384667/,瑾羲Qing,40,2019-01-11 20:16:57,29,可以无缝对接《捕蛇者说》。加上前传这个故事，突然我又喜欢上了《白蛇传》，曾经觉得许宣懦弱又负心，加上这一段，突然就变成了，两个人在爱情里为了对方都曾奋不顾身。无论他在世间何处，无论他还记不记得，我都要找到他，因为我记得。很美很美的故事，穿插的古琴声，很有韵味。还有对经典新白娘子传奇的致敬很可爱呀。小白太美太美了，青蛇是爱着白蛇的。片尾水墨画的白蛇传故事很有意思。就说一定会有八卦出现滴，国师你是阿灭的远房亲戚吗？就感觉最后到了杭州怎么画面突然变粗糙了……？二刷的我在仔细研究小白的发型是怎么梳的，感觉是可以实现的那种。然后脑内循环着青城山下白素贞，啊～～～
106,https://www.douban.com/people/thinkingmind/,神威,50,2019-01-26 20:55:23,6,想不到呀，中国动画片拍到了这个程度，的确达到了截图即CG的程度，虽然许宣抄起白蛇如捡起张卫生纸一样的碰撞反应仍不真实，至少在画面已经不输任何人。另外此片明显很懂商业化，剧情安排与场景设置可以直接套用做成游戏，直截了当的床戏也宣告此片或者说中国动画片已经走出了少儿专属时代。如果想再有提高，画面层面空间并不大了，但是好本子好剧情还是急需，故事有些烂俗，设定也不科学不平衡，白蛇吸道士以后的实力膨胀太出格，许宣化妖前的小命太硬，这可不是挑剔，我一边数落一边美滋滋的想，中国动画片的经典时代估计已经不远啦
107,https://www.douban.com/people/huangjinshijie/,tankry,30,2019-01-15 17:32:58,6,看完之后还蛮开心，在比较有限的时间内呈现了一系列奇幻场景，且基本自洽，动作设计非常饱满，显然是有很扎实的技术功底的。虽然在文本上没什么野心，但也能明显看到对青蛇中人物关系的致敬与解构，白蛇青蛇共浴的镜头设计完全复刻王祖贤张曼玉，真是惊喜。片尾断桥重见也非常心动，我还是很爱宝石山的。
108,https://www.douban.com/people/zntoborges/,支离疏,20,2019-01-11 16:51:34,8,白蛇回头那一刻说：谢谢官人。想接一句：官人，我要。再接一句：官人，我仲要。再接，要不够的。
109,https://www.douban.com/people/i-1992/,子午寅丑,20,2018-12-27 11:23:40,32,《新白娘子传奇》+《青蛇》+张纪中版《神雕侠侣》+《狄仁杰》+《画江湖不良人》+《仙剑》……一次“致敬”这么多作品，导演可真不容易
110,https://www.douban.com/people/lassiedusky/,露琪亚黑猫酱,40,2019-01-12 20:44:02,22,事实证明无论什么版本的白蛇传，男主永远不顶事，这一版的人设更是一言难尽，成了一个行为逻辑判断力都欠费的莽夫，小青则传承了《青蛇》里善妒的小性子。许宣很胡歌，小白很鞠婧祎，道长很陈坤。各种场景时常唤起我对经典华语古装电影的记忆，蛇族首领一秒钟出戏到《倩女幽魂》，国师团队则出戏到“东厂”。可能是追光动画场面最恢弘制作最精良考究的作品，也能感受到尽力在去贴合成年观众的观影槽点和趣味，导演就像里面的角色一样，非常的撩。可惜剧情其实乏善可陈，后半段努力在让矛盾与冲突变得复杂曲折并凄美感人，然而还是落入窠臼。回到杭州那一瞬感到我国景色真美。人设的脸部美漫CG感太强烈，且男主表情空洞无神得可怕。这部电影可以让非直女观众对男主吐槽很久。
111,https://www.douban.com/people/78164697/,字母君,40,2019-01-08 13:25:17,21,"四星鼓励追光现在走的“徐克模仿秀”路线，结尾西湖竟把我感动出两滴老阿姨的眼泪。宝青坊像低配恶趣味版宫崎骏，打道士那场戏则脱胎自《龙门飞甲》客栈大战雨化田，纸人金鹤也像极了徐克会弄出来的东西，感觉是徐老怪拍了部仙剑。要是以后这种场面能再多点，追光把剧本写啥样我都认了。
许宣角色足够讨喜（但怕蛇的设定一半丢了），其他角色则全线写崩。动作设计比较浮夸（幸好连浮夸也是徐克那卦），剧本段落衔接仍然有问题：情感升温只建立在身体接触的基础上，一摸钟情，一啪定终生，好在不太致命。外观不那么低幼了，但内核还是天真的，不至于矫枉过正，大概这就是我一直对追光有好感的原因吧。
蛇怪的造型MH既视感太强，决战完全是白海龙和蛇帝龙打起来了啊，下意识想躲陨石、找补给箱……最后的法阵也像麻痹陷阱，国师其实是猎人村出身的吧？"
112,https://www.douban.com/people/39400844/,半江瑟瑟,50,2019-01-13 01:07:09,43,"看前：迪士尼脸
看后：目不暇接的动作和反转，特别是宝青坊真有想象力，好像汉代画像石，真香。"
113,https://www.douban.com/people/Wz12118/,第七大陸,30,2019-01-13 15:44:40,21,青蛇+奇门遁甲+仙剑奇侠传。几处细节禁不住推敲，水墨风也只是昙花一现，最恐怖的莫过于国师要练到飞升却目的还是赢回皇帝的宠爱。最喜欢宝青坊的戏。
114,https://www.douban.com/people/dogeli/,山水烟花,50,2019-01-13 21:44:19,25,"国漫的新高度。&#13;—你有什么不想做但不得不做的事情吗？
—就算命数有定，也要活的自在

—我的法力都被吸光了
—这下你再也推不开我了

人妖殊途，我就成为你好了。一晌欢情，护你一世周全。船头孤舟，浮生若梦。

上一次看这样的上古爱情故事掉眼泪，还是很久很久戏说的蚩尤和西陵珩了。"
115,https://www.douban.com/people/helizhanglao/,河狸,40,2019-01-15 16:54:48,11,相比追光的前三部影片，本片在剧情和技术上并没有多少提高。不过因为成人向题材和大场面的缘故，所以豆瓣评分比前三部要高。
116,https://www.douban.com/people/zayaza/,Aboo,40,2019-01-13 21:19:09,6,既有船，也有船戏的《白蛇》前传，故事颇有当年王祖贤演的那些神神鬼鬼港片的风味，看着亲切。细节上也是有些小灵光的，比如佛像的眼泪不过只是解冻后的水汽。男主这个长相，我没猜错的话应该是唐人签约的艺人吧。鼓励鼓励，票房应该会随口碑走高，不过有点可惜不是农历蛇年。
117,https://www.douban.com/people/yellowmoonbird/,晚不安,40,2019-01-23 22:22:07,8,3.5。暂列追光最佳。一些少儿不宜的段落已经宣告了这部动画摆脱低幼向的决心（误。《白蛇：缘起》最终达到的，就是《风语咒》费尽心思想要达到的。虽然很大程度上依赖的是这个家喻户晓的故事，但对情怀的运用是恰到好处、画龙点睛的。爱情线的铺展以及剧情演进都很仓促，然而场景渲染和动作设计确实是业内标杆级的。第一个令我怔住的场面是宝青坊，简直有刘姥姥进大观园的感觉。结尾大战阵势不小，试图做出双高潮，但实际上有点冗长，解决问题缺乏合理性。整体细想，还是有佳句无佳章。
118,https://www.douban.com/people/conanemily/,米粒,30,2019-01-28 20:19:18,4,画面还不错，剧情有些太想倒着故意说圆所以不太讲道理…
119,https://www.douban.com/people/51342796/,憨大仁,40,2019-01-12 14:28:26,11,女主咬唇妆估计是许多妹子的教科书级示范啦
120,https://www.douban.com/people/84291761/,michaelchao_cc,40,2019-01-11 15:03:15,15,剧作上原版故事的许仙和白娘子的情被弱化，人妖法师之间的战斗被强化。这可能是由于故事创新的时候很难平衡情感与战斗，或者说战斗没有很好地融入情感，二者有一定分离。电影在制作定位方向偏向了游戏，运用了法宝、破阵等方式推进了剧情。动作设计中也借鉴了哈利波特、古剑奇谭中对决的元素。但是，总体来说，影片的完成度还不错，原作中白蛇、小青、许仙三个人的微妙关系在这部中得到了很好的保留，白蛇与许宣的相遇相恋也有及格水平的展现，没有过于拖沓的情节，法器的作用前后呼应，最后通过前世今生的牵绊过度到了西湖断桥边的相遇。推荐能接受白蛇传改编的人看。
121,https://www.douban.com/people/mario6688/,鹿菏,50,2019-01-16 21:13:16,24,影片得出来主创的用心和诚意，团队不卖惨情节不作妖老老实实讲完一个故事，虽然有些地方太牵强但是瑕不掩瑜，片头的水墨效果异常惊艳，山水风景也都很好看，小白很美许宣竟然是耐看型哈哈哈哈，值得二刷！
122,https://www.douban.com/people/Bloodworks/,Lunar C.,50,2019-01-24 01:05:53,4,一边看一边感叹中国动画效果现在都这么好了吗？水墨写意中国元素都很和谐，重要的是这是我近十年见过招式最考究的中国鬼怪动画片了，那招金丝“天罗地网”飞出来千百只金仙鹤的时候，我也就在心里惊叹了100次吧。各种好不说了，就真诚的问一句，大家都魂飞魄散了，为什么小青没事？
123,https://www.douban.com/people/39690610/,瑞波恩,40,2019-01-17 22:26:11,10,算是这几年国漫的用心之作，画面五星，造型和场面四星，故事三星，煽情部分扣一星，总之看国漫与日漫或美漫的标准不一样，因为国漫充其量只是个幼稚的孩子在学习走路，本片揉杂了迪士尼《小美人鱼》与吉卜力《千与千寻》，生搬硬套的嫌疑不小，但成效整体超预期，有惊喜，也有遗憾，老套的煽情，片尾的《新白娘子传奇》音乐又莫名其妙，而从彩蛋看来还会有《白蛇：后传》，野心不小，最后成佛或成魔，可以期待一二。
124,https://www.douban.com/people/CFJ/,左胸上的吸盘,20,2019-03-10 13:34:31,3,追光和华纳合作的结果。要表扬技术和剧本，在中式建模动画里，对水的质感把握出色，那只狗的皮毛渲染也说得过去，九尾狐的道具作坊呈现的炫目而不艳俗，剧本起承转合也事事有交代，轻重有分配，无《大圣归来》的跳戏感，也没有《风语咒》的杂糅感，能感到编剧的坚定跟熟练。但它毕竟是个老故事新说，拿出来的剧本元素无一不是俗套，像什么寻访高人（九尾狐）求助啦大量捕蛇（永州柳宗元笑了）修炼的反派啦绝对实力强悍但受制于各种因素（白蛇失忆）的主角啦，国产动画里太常见了，但是动摇剧本根基的一处俗套是：男主拼命承担的爱情其实就建立在性爱享受上，这是种标准的中式思维，简单到令人绝望。有意思的是，男主面对强悍蛇妖的爱情说辞是金庸式的世外桃源归隐梦，这是否是对女性职场化的一种逆反？片尾的处理不错，有白蛇正传，也有骚媚九尾狐的伏笔
125,https://www.douban.com/people/133621420/,少爷放了个屁,40,2019-01-11 14:31:20,10,情之所起，一念之间，一念化妖，一念千年，不妨不妨，来日方长。
126,https://www.douban.com/people/68825809/,海哈哈,30,2019-01-12 15:18:17,8,人生在世，苦多乐少，所以要记住经历过的美好。或许就是因为先有了这句话，才有了这个故事，可也正是因为太想要表达这个主旨，导致故事很假，人为雕琢的痕迹极强。&#13;前五分钟，画风精美，水墨画融合山水，让人一下子沉浸在故事里，可是随着倒叙剧情的开始，故事就开始走偏，为了剧情的矛盾冲突，导致人物情感极其淡薄，以至于两人在塔内相拥入眠，显得极其突兀。&#13;中间往后的剧情，可以看到太多片子的影子，赵灵儿和李逍遥，锁妖塔，兑换宝物，倩女幽魂等等，让人出戏的同时，也明白创作者想表达的想法，但就是会太刻意。&#13;即便如此，看到这部片子，还是会觉得国漫依旧在进步，需要类似的推陈出新，鼓励。
127,https://www.douban.com/people/wuqing/,uqinzen乌青,20,2019-01-19 01:06:13,20,都2019年了还比不上1983年的《天书奇谭》十分之一水准。这弱智剧情，谈何国产惊喜？
128,https://www.douban.com/people/new4new4/,Doublebitch,40,2019-01-16 23:08:20,6,最后老老实实的听完了片尾曲，断桥相遇真是太美了啊
129,https://www.douban.com/people/35827809/,深夜的阿斯伯格,30,2019-03-05 09:05:55,1,太色情了，开头换衣时的平滑设定是戴了胸贴么。不仅色情而且多处性暗示，而且还搅基，画面游戏感十足，那个九尾也不知道给没给版权，某些桥段很白晶晶三十娘至尊宝。除去大战对决的部分还不错。结尾断桥处的头型是恶搞新白娘子传奇吗
130,https://www.douban.com/people/towelcatryna/,王食欲,40,2019-02-03 20:51:51,12,许宣和小白睡过后，小白决定和他分手。
131,https://www.douban.com/people/84732436/,蒲末释,50,2019-01-18 23:32:04,7,好好看啊。
132,https://www.douban.com/people/166231057/,认真的短评维唯,50,2019-03-10 12:24:19,1,说实话挺不错的。
133,https://www.douban.com/people/N.B./,无非,40,2019-01-12 22:55:41,10,除了脸有点僵之外画面一流，美轮美奂；故事杂糅了白蛇传仙剑奇侠和屌丝白富美类爱情故事以及玄幻武侠。白蛇和男主角滚完床单就要和他断绝关系，说人妖殊途，给人感觉是他床上活不太行哎；狐妖暗示取元神时候也要顺便阉割下体，后排的女生惊呼了一声What the fuck！笑点基本来自宠物狗。以上。
134,https://www.douban.com/people/Duansiyu_1996/,发条橙,30,2019-01-11 18:45:44,12,华纳注资，中美合拍，助力追光动画文体两开花，安排！美轮美奂，颇具匠心的视觉效果，并将传统的好莱坞叙事模式成功嫁接到中国民间耳熟能详的奇幻故事中。虽有瑕疵，但至少能看出其努力的方向，不论立意还是制作，都算是追光动画的顶峰水平了。按这个路子继续拍下去，还可以在破产的边缘挣扎一翻，继续加油哦，国漫之光？！
135,https://www.douban.com/people/jxplove/,·金鱼酱·,50,2019-03-06 13:28:01,9,来世再续今生缘，我会带着你的爱好好过完今生，再相遇的那天让我给你慢慢讲这么多年来我的点点滴滴，你也要告诉我你在天国里一个人都走过了哪些路看过了哪些风景…………我好想你 想你 HX❤️
136,https://www.douban.com/people/imecstasy/,唐小万,30,2019-01-14 23:03:36,8,以情动人很勉强吧，被激情冲昏了头脑还差不多，只有最后的“彩蛋”，功劳还是《白蛇传》的。
137,https://www.douban.com/people/butterflyChan/,不见蝴蝶不见君,50,2019-01-12 23:16:53,29,爆炸好看啊，大家去支持下票房啊，颠覆的一版许仙宣，剧情没有那么完美但是绝对不薄弱，但是建议不要带孩子看，不合适。
138,https://www.douban.com/people/141381216/,🌈Jerry,40,2019-01-14 15:23:37,14,看到白蛇把阿宣睡完就转身抛弃时，本以为她是个拔*无情的渣女。怎料看到后面，才发现她还有个千年备胎小青。原来是个白蛇婊…
139,https://www.douban.com/people/xici1023/,夜间飞行,10,2019-01-14 17:38:51,22,李逍遥的造型适合任何古装片乃至…动画片
140,https://www.douban.com/people/3957610/,坐好我要起飞啦,20,2019-01-15 20:50:58,13,画面很美，配音老师辛苦。一星画面，一星配音。神仙剧情，随时都要谈恋爱。哪管那洪水滔天，天地八荒，三生三世，只为你一个回眸。牛笔！
141,https://www.douban.com/people/139556013/,去见你想见的人,50,2019-01-13 20:39:12,21,惊艳，值回票价!画风上来说我第一时间想到的是接近《秦时明月》，场景和人物都做得很逼真，打斗设计的很精彩，没有做成3D版可惜了。故事内核还是老故事，但是也有创新，我看到了500年前许宣对小白的痴情，犹如杨过对小龙女般痴情。无论你是蛇是妖，哪怕你变成白巨蟒，我爱你如初；你说，你我人妖殊途，注定不能在一起，那我就自愿出卖自己的精元，化为最低等的妖精，这下好了，我也是妖怪了，小白你没有理由甩掉我了。天罗地网，生死瞬间，我以单薄的身体替你挡住飞来巨石，而你，在最后拼尽全力用法器留住我的魂魄。五百年后，西湖断桥之上，许仙追上去说“姑娘，你的发簪掉了”，小白回眸，情意绵绵地说“谢谢官人!”😊😊😊
142,https://www.douban.com/people/liusuer/,周冲,50,2019-01-04 00:23:21,22,好看到爆炸。
143,https://www.douban.com/people/thomasneeson/,Thomas,20,2019-01-23 23:08:02,10,以为是站在《新白娘子传奇》和《青蛇》肩膀上的作品，实际感觉呢，就是看到马上要唱《渡情》了，连前奏都已经开始了，结果唱了个“古风”歌曲的感觉。
144,https://www.douban.com/people/62751962/,Elanor,40,2019-01-19 18:27:36,0,"浮生如梦，我会一直记得，那天我们泛舟的湖面，那天在塔下，即使一切都幻灭了。我们拥有的永远是五百年前那段快乐的回忆，当下的那些美好，可以铭记一生。
神怪亦有情，水墨画，道家，古琴，天地一沙鸥。班底全是中传毕业生，主创全是数媒动画毕业生，南广数媒也有参与，国内动画数媒最顶尖的学校，谁说国内CG建模没有未来，就叫你们先驱者吧"
145,https://www.douban.com/people/57542378/,梦里诗书,30,2019-01-10 21:02:14,16,追光动画在国产动画的高品口碑并没有衰落，《白蛇：缘起》在视觉上有着一如既往的细腻唯美，但面对一个其实本就拥有国人皆知为奠基的蓝本原型，其仍旧还是没能一改自身剧情上的弱势，那薄弱的剧情，以及脸谱化的人物，都使电影虽然为一个老旧的经典焕发以新机，但却难谈多少惊艳可言。
146,https://www.douban.com/people/Jerry-feng/,诸葛若见,40,2019-01-16 18:00:36,4,前世延续今生，愿纠缠。为伊变成妖怪，又何妨。水墨画风精致，如乐章。作为白蛇前传，故事还算精彩，虽还有小缺陷，但总算比追光前几作动画剧本好多了。狐狸那段剧情最有趣。构图有张力，细节很讲究。小白有点像花木兰，许宣造型神似仙剑胡歌。部分情节致敬《青蛇》和《新白娘子传奇》。
147,https://www.douban.com/people/dos501/,小王子啊,50,2019-01-12 20:13:04,29,三度落泪，十分好评。好久没看到这种催泪电影了，尽管前面节奏稍快但瑕不掩瑜。把情爱与历史结合，讽刺了政治和社会，增加了整部片子的厚重感。适合在电影院里看的片子，画面无可挑剔。许宣对小白说，无论何时，有我在。看到这一段的时候，我内心汹涌，多么想对某个人也这样说，无论何时，有我在。
148,https://www.douban.com/people/152688532/,末摘花,30,2019-01-13 14:02:45,4,也算是家喻户晓的故事，期待有个好票房
149,https://www.douban.com/people/bdleizi/,姜小白,40,2019-01-12 16:53:28,8,故事跟李锐那本《人间》有一拼，老瓶装新酒，尚可。但画面太唯美了，加分。前半段节奏过快，后面能救起来，打斗体术不弱于法术的表现力，肚兜傻狗子抖的包袱也很响，还有床戏，是值得爆票房的观影体验。中国这种人妖殊途的挣扎，旗帜很鲜明，支持少数群体抗争，无论是人是妖还是人妖，是Gay是Bi还是Les，镇压者是恶，是anti-romantic，挺感动的关于这点。跟《大圣归来》一个水准，推荐。
150,https://www.douban.com/people/jywpl/,獨孤島主,30,2019-01-31 10:55:27,3,对“鱼死网破”的执念如此坚定，终究比不上左宏元柔软一击
151,https://www.douban.com/people/shoushouan/,大瘦瘦,30,2019-01-19 01:28:09,5,话说五百年前，圣上求长生，神仙们打架，国师谋私利，苛捐杂税，民不聊生，底层互害，同性情谊难以维系，爱情也因身份而无法善终，我不要下辈子成精，我要现在就不做人了，但即便我做不成人、变成妖怪你们也都不放过我，区区草民唯有一死望投胎能经历个美好的时代
152,https://www.douban.com/people/174107507/,汤圆看电影,40,2019-01-11 12:51:59,16,好看，既有中国古风的飘逸清雅，又有美式的简约伶俐；故事的创新也好，有旧的看点还有新的主题；不过，有些画面稍微有些不适合小不点儿呦！
153,https://www.douban.com/people/67223886/,皮蛋瘦肉粥,30,2019-01-03 16:16:30,23,有国风有蛟龙，却少了一份厚重；有情也有欲，唯独没了一个真字。百年的道法、千年的爱恋化作水墨，化作断桥的一滴雨落在青簪上。说到头，反最喜欢那只撩人的双面小狐狸，勾足软语间数不尽的风情。
154,https://www.douban.com/people/52470011/,zts,40,2019-01-11 16:56:32,18,可能是国产动画在工业制作上达成的新高度，东方神话还是本土的创作者更难把握其精神内核，故事上把白蛇传改编的比较成人向，BE也在意料之中；追光动画一连几部电影下来几乎都在亏也是挺心疼的，希望这次票房能好一点吧
155,https://www.douban.com/people/129274258/,山下河里美,50,2019-01-14 14:41:01,18,重标，4.5星改5星，个人年度十佳不解释，想象力瑰丽如梦，简单整理比较有意思的几个改编点/片段：1、反派佛教变道教，太阴真君的招魂幡、千纸鹤、修罗法阵、面纱拂面的毁容弟子；2、宝青坊狐妖千年身体少女面孔，烟斗印章宝青制造，细节感人。3、一身软胄的青蛇盘身佛像掌中拈发带笑，还魂张曼玉《青蛇》。4、片尾彩蛋一定要看，期待续集。
156,https://www.douban.com/people/YoDian./,Muggle、佑。,30,2019-03-08 21:43:20,1,您的小白已变大白。
157,https://www.douban.com/people/46843344/,刘康康,40,2019-04-02 10:20:37,1,美术确实很好，情节确实是薄弱，说实话尤其不喜欢最后蛇母的反转，缺乏一种从主题层面构建人物矛盾和剧情矛盾的整体性。举个例子，《X战警：第一战》最后万磁王的反转，是从故事主题上就反复铺垫了的。而蛇母最后的反转，与整个爱情故事缺乏联系，故事主题也没有往深了去谈人妖矛盾（写得太浅太浅），就显得为了反转而反转，看得很别扭。那场床戏我倒没有觉得很突兀，虽然也谈不上水到渠成，反正就是个福利呗。
158,https://www.douban.com/people/3581002/,羽小凉,50,2019-01-08 16:54:31,28,小门神我都打了四星啊，这我得打满星。虽然尬点也有，但是作为2019开年的国产（虽然还有华纳，但我就说国产怎么着），我觉得挺好的，场景非常美，随便截屏就很好看，人物细节表情到位，除了男猪长得有点磕碜（。）剧情简单之外还是有很多可取之处的~特别是青白，MD我真是嗑死了这对CP，太有感觉了，成人向动画，带娃慎重。
159,https://www.douban.com/people/178368642/,阿呆贼,10,2019-01-13 18:54:52,16,漫画版悲伤逆流成河
160,https://www.douban.com/people/2265138/,kylegun,50,2019-01-18 20:41:45,11,Mary Popping蒲公英，妖塔福利嚼完松，青白百合杀无赦，星座斗阵生死别，双面萝莉怪奇工坊最高！“打妖打了那么多年，日子为什么越来越糟呢？”……《小倩》的非典型续集，开篇情感铺垫略生硬，后面怪力乱神恶趣味出来后越来越赞
161,https://www.douban.com/people/66768802/,Vision Rich,50,2019-01-13 23:27:52,22,应该是今年最好的国产动画电影啦！制作精良，选题巧妙，音乐 美术 布景 人设 都很好，最后还玩一波情怀加分，美中不足的是人物表情不够生动，情节简单，转折略带生硬等等，但瑕不掩瑜～如果有人想看可以陪ta二刷哦～
162,https://www.douban.com/people/2369225/,为虾米呀,30,2019-01-11 19:29:56,10,美国负责技术，中国负责奇门遁甲飞仙道升？  故事搓了点，但最后的巨大“彩蛋”有点酷 
163,https://www.douban.com/people/Fuyicong/,傅逸聪,50,2019-01-12 21:15:11,1,电影寒冬，动画电影则是寒冬中的寒冬，用实际行动支持抵得上一万句赞美。
164,https://www.douban.com/people/sfroompp/,深夜声咽,40,2019-01-14 13:32:16,13,中午场，没想到还挺多人的，只是我又迟到了，四十分钟手动捂脸表情，从师父说师父说什么进场，几乎错过一半了，罪过罪过，感觉自己近来越来越不尊重电影了对不起！不过片子感觉真不错(加深愧疚感)，没有错过洞穴吻戏船戏斗法，肉感做得不错，小白.腰..侧乳…不错不错看得蛮羞耻的喜欢…如果有续集：缘灭，一定好好继续支持走起。那只汪哈哈哈可爱，小青有点小失控，男猪最会找生门，生门一说指阴道。今晚我必须恢复跑步了。
165,https://www.douban.com/people/52763172/,北海道 花系,30,2019-01-16 18:02:21,6,能看到制作组的诚意，但是如果说是“国漫之光”，那还是言过其实。女主建模明显的网红脸，蛇精脸（锥子脸），审美疲劳，但是毕竟她确实是一只蛇精，好像也没什么问题。男主角有点像胡歌。风景不错，剧情一般，成人向动画，新白娘子传奇前传，转折有些突兀。
166,https://www.douban.com/people/echosilver/,正弦大波,50,2019-01-13 20:50:01,19,"追光的第四部片，一直和部分前同事有些联系，也因为前几部作品对这个公司的未来发深深担忧。中国CG动画到了这个时代，虽然部分作品表现亮眼，但观众对于影片颗粒度的sense还是非常低，大部分成人对于动画更是天然抵触。很欣喜的是，经过5年的打击，追光终于物色出了一套具有商业价值的艺术作品模型。《白蛇：缘起》无论是从受众对于IP的了解、对于国漫的信心加固再到整个电影的完成度、故事的叙述，都化繁为简，一气呵成。虽然已经离职4年，也不再在电影行业工作，但心中的电影梦一直冉冉不灭，也因为这样优秀的作品而重燃内心炽热复杂的情绪。尽管这部电影的票房可能没法那么理想，也非常祝福追光这一路收获的成绩。""嘲讽、坍塌到重建都是人生，追逐内心的光。”P.S. 从现在开始，动画档类终于值得我单独建一个“追光""的标签了。"
167,https://www.douban.com/people/qsxiao/,萧秋水,40,2019-01-31 14:52:55,3,超出预料的好，本来并没兴趣去看，因为有一张电影券要到期了，临时起意，结果却被震动和感动。虽然有较多模仿的痕迹，但是国产动画能够做到这个地步，已经是让人非常欣慰了。故事很好，人物塑造成功，喜欢看到一个有勇有智的许宣，比一贯的软弱形象要更吸引人。白蛇的塑造反而感觉略微薄弱，失忆梗有点老套。狗狗实在太萌了！
168,https://www.douban.com/people/hulangbaiyue/,胡二,40,2019-01-15 18:46:14,6,3.5星，新白娘子传奇前传，低配版李逍遥跟陶奕希版白蛇，狐姐跟橘里橘气的小青是亮点，背景美如画，故事有点低幼，二蛇斗小道场景不错，boss最后的黑化猝不及防，期待下一部《白蛇：缘灭》
169,https://www.douban.com/people/Zazai/,张隐,30,2019-01-13 00:39:20,13,可以让形象设计总监少看点网红视频，锥子脸大长腿的看多了没啥好处。
170,https://www.douban.com/people/xiaohuanxiong/,L+,50,2019-01-11 12:18:49,27,良辰美景奈何天
171,https://www.douban.com/people/ludiaoxue/,陆钓雪杜诗镜铨,50,2019-01-29 13:45:02,8,又想起你的脸，朝朝暮暮，漫漫人生路。时时刻刻，看到你的眼眸里，柔情似水。今生缘，来世再续。情何物，生死相许。如有你相伴，不羡鸳鸯不羡仙。开个玩笑：还不懂爱情的孩子才会打三星呀。 四星电影。
172,https://www.douban.com/people/159372481/,鲁大师,20,2019-01-15 20:48:44,20,剧情太水
173,https://www.douban.com/people/122738024/,FrozenElsa,30,2019-03-04 23:05:51,2,【6.0】叙事烂如屎，大鱼海棠同级的烂。不同的是至少白蛇我还可以得到生理满足，加一星。场景美术尚可，不过就是走马观花罢了。人物0塑造，生死离别各种渲染还不如片尾一小段经典音乐来的情怀感人。
174,https://www.douban.com/people/4370686/,鲸鱼君,30,2019-01-10 17:33:24,3,《白蛇：缘起》：拍《白蛇传》前传原本很取巧，但却仍然没有讲出个吸引人的故事。处处都往白蛇传上靠，却又不伦不类，宝青坊有日本妖怪风格，生离死别又有泰坦尼克既视感，大战场面又成漫威奇观，还有各种生硬的闪回。技术已经没有问题，就差打磨出好内容了。这是个成人动画，有男女主角亲密戏。★★☆
175,https://www.douban.com/people/luxifaer/,不惧注销,30,2019-03-06 16:21:23,3,谢安弈棋，闻淮上利害不异常人，世说新语称其“雅量”，晋书说其“欢喜如童，履齿竟折”，古典时期的潇洒恬淡实际上是主体面对着不能承受之重时的态度，柳宗元独钓寒江雪也是很寂寞的——所以女主那个状态还算是对的，男主从出来就不对，整部戏里莫名讨厌，可见现在这帮玩古风的已经基本把庄周理解成了心灵鸡汤。
176,https://www.douban.com/people/161704364/,HarperYug,30,2019-03-04 12:24:32,1,剧情而言仿佛看到了上个世纪的影子，自己看完才知道是白蛇传的前传啊~剧情什么的东拼西凑，乱七八糟，想一出就是一出。总感觉四处透露着阴阳师的影子，只是把白蛇刻画的好美，忍不住想凑前喊一声：“姑姑，我是过儿呀”。
177,https://www.douban.com/people/147019613/,罗夏,40,2019-03-12 10:32:45,2,"7/10，技术水准不低，值得肯定。
前世，《白蛇:缘起》。
今生，《法海:缘灭》。"
178,https://www.douban.com/people/marukon/,伽罗枕,30,2019-01-14 15:04:02,10,"设定有心了。永州之野的捕蛇人，晚唐的道教崇拜和求仙背景以衔接白蛇本传500年后的故事时代。
但故事还是讲的太简单，总的来说就是唐人的早期仙侠剧风，依旧执着于人妖之别。其实既然做了成人向不如在故事上花点力气。虽然不喜欢许仙的懦弱，可男主魔改鸡汤恋爱脑也是吃不消。主人公的情感互动变化，情节转折都太生硬，配角又过于脸谱化和前后不一致。作为反派出现的国师和蛇母智商太低逻辑简单，又不扛打。
人物画面虽然感觉花了不少钱，可远景还行特写细节不够。场景也很真实好看，宝青坊的设定尤为精彩，但总体来说还是比较粗糙的网游风。人类走路的姿势诡异,动态镜头又晃得太厉害，感觉无形的画外音一直在说“我真的用心了快夸我”。而且小白的脸为什么捏得那么像杨超越2333
这是第三次吃八组安利失败，下次一定要谨慎再谨慎。"
179,https://www.douban.com/people/misshjz/,阿丽獭,30,2019-01-16 01:41:03,4,为什么有一种看黄漫画家上岸作的感觉，充满恋足人兽furry爬虫类兽迷等等丰富又奇怪的瑟琴意味……感觉导演应该看过巴霍巴利王（无视重力和物理定律和一夜情镜头）玩过猛汉（蛇母像个雌火龙）玩过仙剑（简直像李逍遥和赵灵儿反过来）狐狸精的设定和足控福利不错👍总之还行，国产加油！
180,https://www.douban.com/people/ghostinyourskin/,披着人皮的鬼,40,2019-01-11 10:43:14,16,多给一分 鼓励外更多的是期许 人物面部细节动作虽然有进步但也肉眼可见的巨大进步空间 希望在现有的技术上 中国能趟出一条独立于大厂尤其皮克斯外的东方审美
181,https://www.douban.com/people/firenze/,夜的蘑菇🍄,20,2019-01-12 10:54:44,6,何须问，浮生情，五百年后，再续前缘，一时欢情，抵过千年修行，一夜欢愉，轮回百年仍记得，爱情的魔力，让人化妖，妖变人，几世不悔。
182,https://www.douban.com/people/168968810/,( ͡° ͜ʖ ͡°)✧,30,2019-01-18 20:50:48,5,......喜欢直女没有好下场？（小青好惨
183,https://www.douban.com/people/78957039/,维雪魂,40,2019-01-11 20:38:28,17,运镜够出色让人眼前一亮。剧本说不上多优秀，但尽力做到细节丰富，完成度够高，真的很让人意外。华纳动画这些年弄了那么多，没想到除了乐高系列外这部是最好的。
184,https://www.douban.com/people/champloo/,沉默,40,2019-01-16 20:29:36,4,"之前总觉得追光的审美又土又丑…每一部虽然都在进步但直男配色和丑怪的人设真耽误这顶级的制作…这次人设、色彩、镜头语言都上来了，尤其水上的几个处理美不胜收，美学品位提升。
以往三部都存在一个问题，想表达的太多，反而在叙事上重点不明确，故事重心详略不当，什么都想说，劲儿太均衡。这次克制住了，只讲完整一个故事，不展开太多，所以感觉非常商业化的舒适。故事站在巨人的肩膀上合理联想，主题寻常但不庸俗。彩蛋令人期待后续狐妖系列。
总体来说这次在定位上摆脱了全年龄子供向的紧箍咒，目标受众是青年观众而非家长带孩子，不再做反思向、教育性内涵，迎合青年观众做成纯商业向仙侠动作元素的爱情片，社交媒体口碑爆炸本质是因为这次定位的改变。"
185,https://www.douban.com/people/jojoorc/,JOJOORC/Z,30,2019-01-17 22:07:09,4,是不容易，画面很棒，但故事和台词夸不了，人设也难受，卖肉卖得心酸。希望回本。
186,https://www.douban.com/people/weiailong/,DA.V,50,2019-01-20 15:35:28,1,求断桥相会那段BGM和女声合唱的片尾曲
187,https://www.douban.com/people/139964679/,空山,30,2019-01-15 14:33:22,7,"1.追光，仍然战斗在浪费团队和技术的第一线。发下毒誓，绝不做出好故事，谁先做出来谁TM是王八蛋。
2.前40分钟，精力主要用在对抗角色面瘫、眼神空洞、口型混乱、硅胶质感、漂浮不定所带来的不适。后一个小时的打戏真好看。师父的大锅饭练功法也有点意思。
3.确实成人向，裙子开叉到大腿根、衣衫撕破露出半圆乳房，还加了亲热戏。最可怕的是宝青坊老板娘，孩子身形，袒胸露腿，很不适啊！所有的性相关成人内容都令人不适。"
188,https://www.douban.com/people/sleepymia/,sleepy Mia,40,2019-03-05 11:34:33,3,你跟我说这个完美男友过阵子就变成许仙那种人？？？我的内心是拒绝的。
189,https://www.douban.com/people/warmsunny/,暖晴,50,2019-03-05 21:37:11,1,旧瓶装新酒，惊喜之作
190,https://www.douban.com/people/69197691/,WallE,20,2019-01-18 13:27:12,19,捕，捕蛇者说？男主脸就是一般武侠剧男主的脸，女主脸就是网红脸，看一次忘一次。剧情乱七八糟，毫无逻辑可言，除了画面精致，优点乏善可陈，所谓成人电影不是女性裸露身体，说话吊嗓子就是成人电影。带着期待去，看到一半只想刷手机。
191,https://www.douban.com/people/145479136/,( •̀∀•́ ),40,2019-01-25 13:11:10,6,无论他还记不记得我，我都要找到他，因为我记得
192,https://www.douban.com/people/141115309/,予己一书,40,2019-01-12 16:22:09,12,完爆大圣几条街。画面非常美，但是打斗跟开玩笑一样，蛇精boss跟国师没露面时感觉真牛批，但是还没干两下就趴了，跟漫威宇宙高潮打斗时一样闹着玩似的。本想打三星，但是结尾断桥遇许仙画面太美加一星。
193,https://www.douban.com/people/shuixia1825/,水怪,30,2019-01-20 15:54:39,3,唐末屁民苦于抵税，然后就宋朝了…
194,https://www.douban.com/people/59291955/,丹朱AI🌵,30,2019-03-21 10:46:20,2,《白蛇传》的前传是《捕蛇者说》，这个构思非常神。
195,https://www.douban.com/people/yome/,Yome,30,2019-01-24 09:02:51,2,還是很像遊戲...而且真的不太像電影
196,https://www.douban.com/people/45008619/,高仿外壳,40,2019-03-06 02:16:54,3,不必修行千年，遇见你的瞬间，便已修成正果。何必四海八荒，拥有你的深情，就是沧海桑田。天道无情红尘有爱，人妖殊途结局难改。匆匆美梦奈何天，爱到深处了无怨。谁不想得道飞仙，谁不怕形神俱灭，只是这至真至纯的爱，实在是太过耀眼。纵然浮生如梦，只盼缘再起时，西湖畔共擎一伞，逍遥游天地之间。
197,https://www.douban.com/people/170141647/,百里即墨殇,40,2019-03-04 23:42:07,3,画面又美，又温情，情节也好看，特效也好，结尾还来了波回忆杀
198,https://www.douban.com/people/jundle/,盲忙,30,2019-01-12 13:50:12,5,还不错的改编，想看徐克拍真人版。
199,https://www.douban.com/people/ShortyChen/,陈矮,30,2019-01-11 18:37:43,13,总觉得导演有什么不得了的见解要发表
200,https://www.douban.com/people/178129399/,胡姆胡姆库鲁库,10,2019-01-12 11:26:45,18,垃圾垃圾垃圾垃圾！！！一股他妈的廉价国产剧风，白蛇长他妈个网红脸性格矫情的跟屎一样，我他妈第一次知道动画片能他妈尴尬成这样！！！恶心的死在电影院里！！！
201,https://www.douban.com/people/3082910/,文尔,40,2019-03-05 08:04:51,1,文戏唯美武戏大气。大爱狐妖桥段。中点床戏很突然，完事后白蛇突然提分手略生硬。剪辑有几处明显凌乱好像镜头不够用。可喜的是影片做出了国际顶级制作也捏不出来的古风神韵，《白蛇》在制作成熟度上远不及《久保与二弦琴》，但私更喜欢《白蛇》的纯情与香艳。
202,https://www.douban.com/people/csee1121/,一郁知秋,50,2019-01-11 14:51:32,28,"世间多的是两条腿的恶人，长了条尾巴又如何？！
不忘前世，共约今生。
中国的古代文化真的有太多值得拍的故事了。
"
203,https://www.douban.com/people/lm498521969/,李濛Lemon,40,2019-01-28 12:57:14,5,看得非常动情，掬了一把老泪。改编很成功，角色从外表到性格都比较符合现代审美取向。相比过去各个影视改编版本，《缘起》最大的贡献是坐实了青蛇是娘T，而且是一个外冷内热隐忍付出的抖M娘T。
204,https://www.douban.com/people/Michelyang/,无鬼斋,40,2019-03-09 20:24:52,0,做了个梦
205,https://www.douban.com/people/3322566/,水浒三国金刚,40,2019-02-03 16:29:36,0,新白娘子传奇前传
206,https://www.douban.com/people/dum/,dum没头脑,50,2019-01-17 13:35:03,3,有画面 有构思 有故事 对于每到放假无限循环看新白娘子传奇的我简直意义非凡
207,https://www.douban.com/people/165379620/,麻辣香水鱼,40,2019-01-20 23:52:11,4,值得一看，超喜欢，画面和感情线都好美的。
208,https://www.douban.com/people/10345879/,赵启辰,40,2019-01-19 18:24:49,6,做得真棒啊，国产动画彻底崛起了
209,https://www.douban.com/people/juyi214/,易,40,2019-01-31 23:18:43,2,结尾出现许仙的时候，我被打动了，就这么简单。
210,https://www.douban.com/people/51763291/,namine,40,2019-01-13 17:22:16,2,没想到在大黄蜂，奎迪，fate来势汹汹的时候，我独独被安利了这部，看完之后心情也很复杂，一方面感动于国内仍有这样不卖弄情怀，认真做动画的人，尤其技术不赖，亮点不少，结尾居然真的哭了；但另一方面又不能接受剧情，虽然挑不出大毛病，但就是觉得哪里不对；而建模也是老生常谈，2D还能眼前一亮，3D就还是看不下去，尤其女性角色总想做的风情却格格不入，也不知是导演刻板印象还是真的审美不行，总之人物建模和剧情是追光的老问题了，希望下次能改。
211,https://www.douban.com/people/140045717/,李一桐,40,2019-03-12 13:25:21,2,画面bgm很唯美动人，故事情节虽稍显简单突兀，但居然能自圆其说，能够比较好的承接接下来的白蛇与许仙的故事，很不错了。
212,https://www.douban.com/people/Viccore/,○Ⅴ○,50,2019-01-12 20:18:46,13,前世的许仙透着一股迷人的侠气、目睹白蛇真身后痴心不改，不惜化妖；并且在每个副本中出心出力，很多时候起到了关键性作用。这个“许宣”强行篡改了今生许仙的人设，可是也弥补了许仙全部的不足，满足了观众对大男主的期待。至少我对这个改动相当满意。美术和画面也值得称赞，每帧都可以截成桌面。
213,https://www.douban.com/people/Kiddieyi/,山人阿苍苍,40,2019-01-06 00:20:00,14,谢天谢地这次追光终于在《白蛇：缘起》中学会了叙事，经历过前几次失望的本人简直有点热泪盈眶。许宣一反传统的元气少年人设带感，宝青坊的设定与视觉呈现鬼魅惊艳，开头的水墨+三维画风极美，但宝塔一夜两人发生关系的处理没必要真的没必要！！！以及各路反派过于脸谱化了，小白与许宣生死诀别那里也稍显啰嗦了。但怎么港，一听到老船夫唱起熟悉的调子，一看到结尾的西湖美景三月天，这前世今生的情深还是立起来了。
214,https://www.douban.com/people/64213791/,爆米花教主,30,2019-03-05 14:19:34,0,超越追光前三部，比《风语咒》优秀，至于什么国漫崛起赶超好莱坞的自我催眠式陶醉，还是省省吧
215,https://www.douban.com/people/25575565/,mysticark,40,2019-01-19 12:57:52,4,画面和音乐都做得非常不错。剧情上存在未解释清楚的地方，中期转折后的情节显得有些混乱。不过对于国产动画来说，这已是值得肯定的一部作品了。
216,https://www.douban.com/people/shoegazerbaby/,shoegazerbaby,40,2019-03-20 05:53:52,0,节奏太赶，修仙精髓都没抓对，情劫历炼，转世轮回，本该是个可以很飘渺的中国神话，却变成好莱坞式爱的套路可惜了，几场作法大战终于扳回了点国风韵味，结尾催泪，ED《前世今生》搭配白娘子的后续小插画真是情怀够够的了，加分鼓励
217,https://www.douban.com/people/redorange1989/,凛冽的阳光,50,2019-02-01 19:19:39,3,里程碑式作品，业界标杆，中国新一代的动画希望由此开始~~~当然，第一次白蛇身上的丝带被风吹起时的动态效果还有待调整，表现的不准确，应该是完全飞起，而不是上半截像安了铁丝，下半截在那飘~
218,https://www.douban.com/people/4217792/,Squidward,30,2019-01-20 13:28:38,6,国产动漫真的太爱构建一个庞大的世界观 然后无可避免的不是顾此失彼就是解释不好 用大托小在我这不是很讨喜反正 被吹过头了 期望自然高 观感无可避免的差 口型有硬伤 蛇皮的材质也太闪太滑了 看到最后我的眼泪依旧不值钱
219,https://www.douban.com/people/IantoJones/,萨嘎摩多熊猫桑,30,2019-01-26 11:07:37,2,3星，其实很想给4星鼓励，毕竟确实有进步。把原版故事牧童救白蛇和一千多年后白素贞报恩的戏份重点调换其实是很聪明的改编手法，原创又不脱离原来的故事，会让人感觉其实是白娘子传奇的前传。然而这个剧情，还是只适合小朋友看，但大胆的表现手法又比较成人化，这个点很尴尬。
220,https://www.douban.com/people/lunababe/,狐狸新聞,30,2019-01-27 21:19:49,1,最后三十秒的画面和音乐强行加分！许宣比许仙可爱耿直多啦！白娘子是报恩来的！
221,https://www.douban.com/people/lazzaro/,老罗Lazzaro,40,2019-03-06 20:34:04,0,构图精美画风细腻的白蛇前传，接上熟悉的断桥相会与插曲泪目，两人的不离不弃转变有些生硬。2019年动画类电影第一份惊喜。
222,https://www.douban.com/people/47436584/,子龙,50,2019-01-16 23:44:16,5,"国产动画电影还是有希望的。
剧情合格，但是多处转折比较突兀，该学习一下《大圣归来》。
画风不错，就是人物普遍没有表情。
狗的表情最丰富。
女主有着迪士尼公主的脸庞。"
223,https://www.douban.com/people/weipeng1986/,约翰尼先森,40,2019-02-01 22:52:56,4,继《新白》《青蛇》后，我能接受并喜欢的第三个白蛇故事！片尾音乐响起泪奔！画面上乘，动作设计看的出很用心，故事虽套路却讨喜，不乏新意又与致敬均衡的恰到好处，留一星给下一部的进步空间！期待国漫崛起！
224,https://www.douban.com/people/kangbaohong/,康报虹,30,2019-03-04 21:40:56,8,今年上半年，中美合拍的《白蛇：缘起》进入了大众视线，真正做到了文体两开花，那么9102年底，中美合拍的《西游记》能开机吗？
225,https://www.douban.com/people/177161075/,在下李慕白,50,2019-01-11 11:44:29,28,“世上多的是两条腿的恶人，你多一条尾巴又怎样？” ，小时候看出的是其中的爱情，现在看来最打动的人的是其中困扰着无数人的身份认同了
226,https://www.douban.com/people/52114041/,fallingraining,50,2019-03-18 23:59:22,0,给肚兜打满分
227,https://www.douban.com/people/63248127/,讽辞阿嘎,50,2019-01-11 09:30:02,21,"五百年前你叫小白
他叫许宣
缘起五百年
缘续五百年
前世今生
生生世世
今生你叫白素贞
他叫许官人
PS：中美合作，故事主线、画面风格超级出色。爱情、打斗、妖术、五行、萌宠、CP等元素全有了。
期待更多中国民间传说、神话故事焕发新光芒"
228,https://www.douban.com/people/SydneyCarton/,SydneyCarton,30,2019-01-28 17:56:41,1,被掰直的百合~
229,https://www.douban.com/people/54094176/,青青雫崎,40,2019-01-13 01:12:07,18,中國動畫片就得這麼拍，除了男女主的愛情動作戲有點突然，值得稱讚的是諸位配角，每個都活靈活現的⋯⋯
230,https://www.douban.com/people/141949998/,万古,50,2019-01-08 21:11:28,18,唯一让我不满的地方就是那条单身狗，导演你是在暗示什么！？🙃
231,https://www.douban.com/people/doudou8798/,坐以待币玥小饼,40,2019-03-04 01:41:29,2,千山阻隔万里远，来世再续今生缘。宁愿相守在人间，不愿飞作天上仙……场景画风太美，可惜不知道为什么女主要画成网红脸，虽然故事线略显单薄，但是结尾许宣捡起珠钗，小白回眸一笑，片尾曲响起，还是有了一场大醉的酣畅。
232,https://www.douban.com/people/T.V.Zoe/,T.V.Zoe ி,30,2019-01-20 20:03:16,4,故事没讲通 也就那样吧  挺花心思挺认真 但还是一股子我最讨厌的国产动画的网游味儿  女主是按着陶奕希捏的吧  男主是按着单眼皮金城武捏的吧 但这种差距就像「青城山下白素贞」一起 才觉得正版上线了
233,https://www.douban.com/people/28336099/,凶兆,50,2019-05-24 08:40:36,0,必须吹爆这部！国鳗都保持这水准就有希望了！情节严肃、黑暗、毫不低幼中二，逻辑严丝合缝、毫无bug。强烈要求出第二部，法海登场（三维模型就按照赵文卓年轻时做）
234,https://www.douban.com/people/171310118/,-李庆宇-,40,2019-01-22 12:55:27,5,看完三句话记得特别清楚。人世间两条腿的恶人多了，长条尾巴怎么了；八荒四海总有我们的容身之处；来日方长来日方长来日方长。（都是在概率里偷生，哪有什么来日方长，我最不信来日方长 ）
235,https://www.douban.com/people/178131964/,影探·探长,40,2019-01-05 18:39:17,11,2019年的第一份国产惊喜，超出预期，虽然还有人物表情动作略显僵硬的通病，但已经比《风语咒》要好，而且画面精美，构图讲究，中国风终于不再是素材的堆砌，而是拍出了古典韵味，实在难得，诚意作品，也有水平。
236,https://www.douban.com/people/sibi/,句芒,40,2019-03-29 14:29:33,1,整体挺不错。技术我不懂，感觉是没有拖后腿。情节设定很现代。白蛇故事本身是典型的东方叙事，恩和爱不分，“无以为报，以身相许”，林黛玉下凡会宝玉，也是这个理由，不过她偿还的不是身体，是眼泪和性命，这跟清朝文人的幼女崇拜有关。现代的爱情叙事是恩和爱分离，恩是社会性的，爱是私密性的，爱情在现代叙事里有神秘属性。不过近来，爱情内在逻辑也悄悄发生了转变，去神秘化，去激情化，变得理性、可以计量，也就是说只有符合条件的人才值得爱。这部电影就体现了这种趋势，它在正式开始之前，必须先把白蛇的爱情合理合法化——首先许宣要值得她爱。
237,https://www.douban.com/people/Allan.Vr/,南悠一,30,2019-01-11 22:31:30,2,观感不错，但人脸怪怪的，我觉得细眼花木兰真得美。
238,https://www.douban.com/people/prost/,P0P,40,2019-05-24 15:42:20,0,★★★☆ 剧情基本在线，老套上略有新意，小高潮再叠加高潮的时候差一口气，爱情戏分不细腻(编剧多读读岑凯伦、李碧华)。美术部分很是惊艳，分镜十分出色，质感精致到位，动作设计好评——实属商业诚意之作。就想问问，你们参考了几分《青蛇》几分《神雕侠侣》
239,https://www.douban.com/people/smart-ass/,兔子和小霸王,40,2019-03-09 06:49:40,0,画面漂亮 打斗场面也精彩 故事也是个好故事 加上我们中国的神啊妖的 很好看啊～
240,https://www.douban.com/people/Evarnold/,Evarnold,40,2019-01-20 15:52:42,2,是截至目前与白蛇传说有关的最好看的电影作品。不过中国三维动画的短板在本片同样体现得很突出：1.动作戏流畅度不够，人物运动的物理可信度与国际相比还是有所差距；2.三维人物与环境、物品的互动缺乏质感；3.在有一个不错的故事框架下，剧本里令人信服和动容的细节的量和密度不仍然不够；4.导演技术跟不上预期的情绪效果。本片观感上不如追光动画的前作，始于它过早自信地开始尝试讲述主角是人的故事，现在来看还需要磨砺一下，不过未来实在值得期待！
241,https://www.douban.com/people/46497691/,烟雨弥漫虚弥境,40,2019-03-16 15:43:00,0,挺好挺好，景色真美。配音不错。特效漂亮。比真人吊威亚弄出来的特效要好得多。动漫在这方面有先天的优势，上天入地，飞檐走壁，千变万化，毫无违和感。
242,https://www.douban.com/people/lengshan310/,今言,30,2019-03-11 19:15:48,0,故事一般，感情并不能打动人，但动画做的确实很美。
243,https://www.douban.com/people/youbudianying/,凌辰,30,2019-01-11 02:23:16,8,许宣说：“如果不能在一起，我现在就会后悔”的时候，不知怎么让我想起了赵敏在张无忌婚礼上的那句“我偏要勉强”，看来不管在什么样的故事里，不顾一切的爱情都很能打动人心。
244,https://www.douban.com/people/krolik/,完颜穆尔登格,30,2019-04-20 16:12:46,0,武戏蹦跶的太快了看了眼晕 故事倒是个新故事 蛇精脸确实很网红脸呀 我喜欢宝莲灯时候的温柔脸
245,https://www.douban.com/people/matrix358/,Matrix,50,2019-03-04 20:54:15,3,预算应该还是不够，视觉效果细节都给白蛇了，蛇妖甲、匪兵乙的特效明显粗糙。结尾许仙前世被冻住那段，有点向《泰坦尼克号》致敬的感觉？国产动画能拍成这样，真是不容易，梦工厂/皮克斯的表，中国的里，中国动画的巨大进步。当然，这都不是我要说的。我要说的是：特么许仙前世能看上白蛇，知道她是妖，也完全不害怕，还这么痴情，因为啥？因为啥？就他妈因为白蛇好看啊！颜值就是他妈正义啊！你他妈换成凤姐那个造型，他还会这么喜欢吗？这就他妈是个看脸的时代啊！看脸的时代啊！只要好看，管她是不是人啊！喜欢漂亮的女人就是他妈直男的正道啊！跟直男谈尼玛的思想精神内涵啊？而在东北体制内，男人都他妈要找有正式工作的啊！尼玛不看脸却看正式工作，这他妈不是傻逼吗？果然白蛇传的故事会发生在江南而不是东北啊！尼玛啊！
246,https://www.douban.com/people/148291328/,晓风明月,30,2019-01-15 11:53:16,9,画面值得肯定，但是剧情是硬伤，配音也不行，太尬了，俗套，完全不能让我有代入感。这部电影很多方面都让我感觉有模仿泰坦尼克号，包括男女主身份地位差距大，包括男主性格还有最后男主保护女主的一幕，和泰坦尼克号太过类似，然而画虎不成反类犬，它不能像泰一样让我感动，只能说导演和剧本功力还差很多。而且男主这样的人设照理说会很吃香，可是整部电影看下来我只觉得男主是个傻X，时时刻刻都在装逼，越装逼越傻X。不过电影刚开始女主梦境的水墨风很让人惊喜。和心里预期差的有点多，看完明白了票房不行不是没有理由的，追光要是再不用心打磨剧本emmm，还有，可不可以请好一点的配音啊。最后，多给一星算是支持国产动漫电影吧。
247,https://www.douban.com/people/gongzitian/,宅拾叁,30,2019-01-12 21:20:36,2,追光一贯的老问题，大投资却把宣发作的非常烂。但质量还是有一定保障的，故事上还需要在打磨一下，尤其是反派的人物刻画。蛇村建模很美，就是人物网红锥子脸还没啥表情，唯一见到的就是开头的川字眉。裸背那一下满场家长捂小逼崽子们的眼睛，看之前不了解一下成人动画吗。
248,https://www.douban.com/people/shenyaoqi317/,7瑶,40,2019-04-13 00:18:24,1,断桥重逢，终是你我
249,https://www.douban.com/people/sif7/,富嶽百景,50,2019-02-02 10:29:24,2,很美！！！
250,https://www.douban.com/people/79221774/,张苑希,30,2019-01-21 17:32:07,2,美术设计和视效场面的确精致唯美，但这种俗气的一见钟情网文式爱情实在让人吃不消，剧情薄弱节奏沉闷转折生硬，基本上可以当做白蛇传的前传看。ps.不管在任何有关白蛇的作品里青蛇对白蛇的感情才是最真挚的啊！
251,https://www.douban.com/people/tuxuan/,Alexa,30,2019-03-09 15:23:31,0,脸部千篇一律的大眼睛巴掌脸，除了服装和化妆以外都分不清谁是谁。还有好几处软色情的段落，真的不适合小朋友看。确定这就是中国动画的崛起吗？！！
252,https://www.douban.com/people/f021/,申由己,40,2019-03-24 13:25:45,0,还行，不过，某些台词很雷人，我记得电影《笑傲江湖》里面有台词是日月神教的人自称“我们魔教”怎么怎么，这电影也有这问题，我们妖怎么怎么，哪有妖怪这么说自己的，扯淡
253,https://www.douban.com/people/zishuiyilan/,薇羅尼卡,30,2019-03-23 01:33:19,0,精美的场景，不搭的人设，加上屎一般的剧情。小狐妖是唯一可圈可点的存在了，续集可给你加点工资吧！
254,https://www.douban.com/people/zhanger/,zhang 2nd,40,2019-03-04 22:13:30,1,有对徐克版的致敬，还有对赵雅芝版白娘子的致敬，更重要的是这次很漂亮很好看
255,https://www.douban.com/people/fuyuwinter/,[已注销],40,2019-03-26 00:19:44,0,感觉国师和师傅有一腿 小青全场最佳
256,https://www.douban.com/people/160934160/,五星级大飞鱼,50,2019-01-17 13:23:23,8,给白蛇的团队 活下去的希望，国产的烂片都能给到五六亿的票房这个怎么就不行，喜欢凑烂片的同志们长点心吧。
257,https://www.douban.com/people/phoebe627/,小月,40,2019-04-30 14:23:56,0,7分。CG效果尚可，但是剧情还是槽点很多。感情进展真快，还没怎么发展就kiss，宽衣解带，好模样的就水漫永州城？法力吸来吸去好随意，没有铺垫的喊生门生门感觉是看了太多鬼吹灯。青蛇这次太龙套，一点存在感都没有了。狐仙的底裤和贫r，小白的后背、美腿、香肩真是风光无限。。。结尾的《渡情》太勾情怀。
258,https://www.douban.com/people/bluecrow/,鸟川芥,50,2019-01-24 23:37:20,2,超出预期，国产电影动画工业的制作水平进步好大～剧情没有硬伤，改编的也相当巧妙，没有堆砌和模仿，原创度很高。动画和场景效果惊艳，一些奇幻桥段的设置也非常好，唯一不足的是感情线略突兀，角色设计的美术风格个人不喜欢。 散场后一直守着看制作人员名单，动画师分镜师特效师，整个团队的人数并不多，但制作水准和完整成度都很高，让人感动，你们辛苦了～
259,https://www.douban.com/people/80932579/,万靖游,40,2019-01-25 18:22:43,1,1有惊喜。有几段中国特色的奇思妙想的设计令人拍案叫绝。2.比较让人厌烦的是动作戏，毫无中国特色，充斥着好莱坞动画特别喜欢搞的动作炫技，和一打起来就瞎拉的镜头。3.剧情还行，有的地方挺有想法，有的地方又俗得离谱。4.这激情戏有任何意义吗？太强行了吧！
260,https://www.douban.com/people/72712114/,清舞翩翩,40,2019-03-09 14:25:38,1,新酒装旧瓶，华纳兄弟中西结合。剧情逻辑还有不足，特效中国风。成功就是回忆杀和这是国产成人动漫！！！
261,https://www.douban.com/people/29839643/,喵喵喵,50,2019-01-13 13:51:54,21,讲真，在结尾之前，应该是4星，但是片尾熟悉的音乐响起，泪又不争气流下来〒_〒，全场都一直坐着没人走……好吧居然有彩蛋……我还以为都是跟我一样听歌的……看完一个月才发现，男主配音居然是长庚啊，我特么，想再看一遍了
262,https://www.douban.com/people/149152146/,顗禮,40,2019-01-12 17:57:05,5,"好虐狗啊！
画面太惊艳了，经费从头到尾都在不停燃烧，仿佛特效不要钱似的，差不多是国漫（虽然是合拍）近几年的一个技术高峰了，所以我很奇怪为什么不是3D的（不是说2D不好，只是本片的画面太适合3D了）故事方面因为本来也就没什么期待值，所以观感还不错，把《青蛇》和《新白娘子传奇》结合起来讲前传故事挺有意思，整体没什么大毛病，国漫现在就需要在寻找新的可能性的同时稳扎稳打的慢慢进步，未来可期啊！
Ps.片尾有彩蛋，不要漏掉"
263,https://www.douban.com/people/1282175/,雪,40,2019-04-14 23:39:42,0,晚唐末年，天下將亂，妖魔鬼怪出沒人間
264,https://www.douban.com/people/eokmiamia/,Tom,40,2019-01-29 08:47:57,1,剧情还需要打磨，但动画效果几乎挑不出毛病，开头那段水墨式的片段令人印象深刻。
265,https://www.douban.com/people/43503664/,小重山,40,2019-02-13 11:20:59,1,三点五分，半分是给水墨以及青山绿水韵味的动画。一分给许宣的泰坦尼克式离去和结尾扣合白蛇传的创意。最后那两幕连我都感动了。缺点是太闹腾，清幽的韵味和中国气派仍显不足，不少环节跟功夫熊猫似的扎扎跳。蛇的原型更加是西方化，有背鳍、双角和颈翼，完全不是国产的蛇类，一现原型就让人出戏，这点失分完全没必要。情节的承转和逻辑设定上也有较大问题，细思不得，考虑到是动画就从宽了。最后，作为古建爱好者，好心疼那座炸毁的唐代木塔。以及，出现肉搏镜头，带孩子的我尴尬了，赶紧捂住眼睛——这部情节稍显复杂，还是不宜幼童观赏。
266,https://www.douban.com/people/185928351/,。。,50,2019-01-22 21:13:22,2,白蛇的画面非常精美，每一帧都可以做壁纸，喜欢阿宣，喜欢小白，喜欢小青！不过好可惜，阿宣最后不在了，虽然他的转世是许仙，但是我觉得愿意为了小白舍弃一切，奋不顾身的阿宣是许仙替代不了的！
267,https://www.douban.com/people/2946082/,浮影人生,30,2019-03-08 23:46:34,0,画面华丽唯美，尤其风景部分。但剧情老套单薄幼稚，基本上是网页游戏的故事水准，毫无吸引力，多处情节似曾相识。哪有什么创新，其实就是东拼西凑。人物塑造苍白无力，说人话狗的塑造尤其失败，逗逼属性设定，形象行为不但不可爱，相反令人厌恶。倒是狐仙的塑造生动饱满，让人记忆深刻。片中对话肤浅造作，配音勉强及格，男一尤差。最后的高潮部分三方混战，看得莫名其妙，瞠目结舌。片尾较赞，总算达到了承上启下的目的。
268,https://www.douban.com/people/29442857/,听霜书生,50,2019-05-25 11:54:35,0,看到有豆友评价，有些严格，但是给出理由，自己审美，倒也无妨。不过有的人啊，葡萄都没吃过几颗，就在这吐酸水，真是没劲。这一个国风的动画，我觉得满分，甚至都不用说什么还需鼓励的场面话。
269,https://www.douban.com/people/57821710/,猛禽,20,2019-01-12 15:26:10,3,媒体看片会提前看的，同行的一人睡着两人哈欠连天，美术不错，剧情依旧很瞎，实在不明白为了爱情幻化成妖的意义何在
270,https://www.douban.com/people/yihuiw/,birds,30,2019-01-17 18:28:40,1,比之大圣强很多，视效很花，故事昏昏欲睡。
271,https://www.douban.com/people/GuessA/,GA,30,2019-01-15 14:57:17,0,远景还行 人物依旧浓浓网游风 在国产动漫这里剧本实在无法要求
272,https://www.douban.com/people/Joeroad/,贾小年,40,2019-01-19 22:33:47,3,开头和结尾太过惊艳，以至于可以忽略掉故事推进中的一些中二元素。（希望反派人物塑造可以更立体一点
273,https://www.douban.com/people/42443171/,一里独行,50,2019-01-09 20:02:57,19,当片尾曲响起，竟然有点想哭。白蛇不管是人还是蛇，造型都美到爆炸！国产动画的画面可以说是越来越漂亮了，剧情前半部分非常不错，后期决战有些混乱不过瑕不掩瑜，走出影厅就已经开始期待续作了，希望国产动画越来越好
274,https://www.douban.com/people/34744036/,Yukip,40,2019-01-05 15:44:55,9,在国漫里水准算不错的，让我想到了去年的风语咒，其实算还可以的，多加一星支持一下!  世间多的是长了两条腿的恶人，妖怪算什么~
275,https://www.douban.com/people/Lerry_li/,[已注销],50,2019-01-11 17:19:21,19,画面很精致，水墨风格极其唯美。人物性格鲜明通俗易懂，故事是白蛇传的前篇，相当于原创剧本。是一部值得推荐的好电影。
276,https://www.douban.com/people/cn_panda/,摩诃曼珠沙华,40,2019-02-03 21:08:38,1,一部精美的动画和说得过去的故事，可惜了票房
277,https://www.douban.com/people/HiddenParadise/,UrthónaD'Mors,30,2019-02-01 11:51:37,0,那个啥，双头蛇师傅的脸长得太像安吉丽娜朱莉了啊…以及那不是白蛇啊，那是白蛟龙啊。片尾还有个彩蛋，估计要有续集
278,https://www.douban.com/people/54153810/,梅岭藏殊梅长苏,40,2019-03-04 00:09:22,0,画面画的真的很美
279,https://www.douban.com/people/libramao/,天籁zzz,40,2019-02-20 23:08:22,1,着重介绍了现世弱鸡男朋友是怎么在前世把外挂透支的，曾有过这样的阿宣，我能理解为什么白娘子如此爱许仙了。时间线暗合《捕蛇者说》，美术设计优秀，总体流畅，有些剧情发展略突兀，大概是被剪了？有徐克和仙侠游戏的影子以及各种好莱坞奇幻片既视感，但是最后的彩蛋+哼唱一出来……好啦好啦，加半颗星。
280,https://www.douban.com/people/80797429/,韦斯安徒生,30,2019-01-15 22:31:20,2,"每当有人拍出一部还算让人看的下去的及格国产动画，就总有一群人嚷嚷着“国漫崛起”。
国漫在这群人口里崛起这么多年了，满眼望去仍都是“过誉”和“虚高”，全靠“国产”二字背后那点不容亵渎的民族主义撑起一片情怀天地。

说实在的，「白蛇：缘起」的主题、创意、技术、美术设计、画面想象力都算不错，然而这些方面远没有好到让人能忽略故事的老套无力和随处可见对于前人的模仿的程度。

国漫真要崛起，最终靠的只能是内容而非技术。
皮克斯内部有一则信条：故事情节是评判一部电影好坏的唯一标尺。
就问你技术再好，好的过皮克斯吗？"
281,https://www.douban.com/people/xxe/,向简,40,2019-01-08 22:33:55,1,"叙事并不输于花木兰和功夫熊猫之类，主流但不乏味。老故事已经板上钉钉，能发挥的并不多，所以此片角度好，在＂当年救了我＂的孔隙中凿出大情节。

把许宣和白娘子写成了杨过和小龙女，致（借）敬（用）泰坦尼克号结尾的点睛之笔。千回百转让人怀念的永远是相遇和相爱阶段（前相处时代）。巧妙回答了＂美色在爱情中地位＂的天问，可以看作爱情寓言——因美色而起，凭痴心续航。

髪簪是信物，记忆是信仰，梦是点题。人往往这样：初看美梦，觉得自己也行，于是自命不凡、嘲笑俗事；然后自己成了俗事，反过来笑美梦幼稚。成为俗事是必然，但分主动沦陷和被动沦陷；有的人弄潮很享受，有的人弄潮很被动；最惨的是不想弄也弄不好潮但只能被漩涡甩得七荤八素不人不鬼的人，这些人看到当初的美梦，除了内心一声惨叫，又能如何！呜呼！何其可悲乃尔！"
282,https://www.douban.com/people/122565149/,山山怪,50,2019-01-18 23:55:52,3,最后一星，给没有唱出来的《渡情》
283,https://www.douban.com/people/138910604/,苏幕遮,40,2019-01-26 23:28:31,1,不一样的白蛇 画风很美 视觉效果很赞 虽然剧情线弱了点 不过还是值得拥有的 期待第二部
284,https://www.douban.com/people/168889978/,TITImola,10,2019-03-07 19:13:03,2,"不怕喷，这分太假，8分自我欺骗就能挽救中国动画？
导演不知从哪找的这个垃圾编剧，9102年了还写出这么沉闷的台词，导致故事根本就是白开水一样俗套平淡。没有任何想看下去的动力！同期风语咒在剧情上明显更好，连大鱼海棠这种情感戏牵强的，在总体连贯性也比白蛇好得多！美术画面看出用心了，但是除了狐妖的设计新颖，所有美女就是一个瓜子蛇精脸，真对得起蛇这个设计。总之和优秀动画差的不是一星半点！不值8分"
285,https://www.douban.com/people/JoyLR/,猫的莫咪跪神棍,50,2019-01-26 17:33:41,1,大家都吹的就不说了，对比剧本，同样是跨越种族的情爱，果然家国大义放在前面的类型更能被大众群体所接受。
286,https://www.douban.com/people/Scarlett.../,海狸狸狸,40,2019-01-17 13:46:57,0,画面很美，特效很好，故事也很不错。果然是中美合拍，能看出来美国电影的影子啊，哈哈。并不是给小孩子看的动画片噢！最后还无缝衔接《新白娘子传奇》啊。
287,https://www.douban.com/people/ymm/,Love Scarlett,30,2019-04-09 04:42:56,0,尺度算是突破，音乐不错，女主画的很用心，感觉所有男性角色画的都挺随便的。打斗场面的设计很像网游，没有充分利用动画的优势。
288,https://www.douban.com/people/4051316/,突然粉碎,30,2019-01-11 00:38:40,7,迄今为止最好的追光动画盖章，白蛇传果然大IP，以为青白许仙的故事看得足够多了，实际上还有很大的开发空间，故事完成度和画面渲染都很满意，剧透预警：《冰雪奇缘》《泰坦尼克号》《新白娘子传奇》爱好者不要错过
289,https://www.douban.com/people/165377543/,萧玄清,40,2019-01-13 13:32:11,10,"7.5，我的马鸭，一个大老爷们硬是给我看哭了
人物形象还是太好莱坞了，男主没有记忆点，女主美得很普通，不过女配的脸我还是蛮喜欢的
情节很简单，不过切入点蛮不错的，期待下一部
故事里面有许多小心思和新意，挺不错
宝青坊最佳，期待番外篇
打斗凌厉，很帅很爽
道士难道只能跟鹤有关了吗？太死板了8
PS:记得带纸巾"
290,https://www.douban.com/people/iriselite/,iriselite,40,2019-02-03 19:53:42,2,将原本的白蛇传改编了，青玉簪成为了关键信物。青蛇对白蛇居然满满的姬情，小青攻气十足啊，部分地借鉴了美式动画大片的视觉效果与动感，白狐的造型与场景学了日本动画。双蛇大战那段像奥特曼打怪兽，或是哥斯拉。这样如此一往情深的男主似乎太完美了，我看的场次有不少学生，看到kiss XX之类的镜头就引发一阵惊恐声。还有蛇精打斗之类的场景有些吓人，不适合小学生。其实还是一部面向成人为主的动画片。导演不卖关子，五百年后断桥相会的场景在片尾直接上了，一看到熟悉的西湖断桥，就激动了。这几个主角配音演员的音色真不错，尤其是小白。作为前动画专业学生，对于这样的国产动画片，感到欣喜，有始有终，最后也没有烂尾，期待第二部！
291,https://www.douban.com/people/4110623/,温海生,40,2019-02-03 12:01:01,2,值得入场支持的国产动漫，故事背景放入我们耳熟能详的【捕蛇者说】，将情节放到许仙和白素贞前世的姻缘上，虽然最后打斗部分略长，但是追光动画已经开始懂得去讲故事了。名字可以改为官人我要，看彩蛋，好明显要开第二出，官人我再要。
292,https://www.douban.com/people/36523777/,诸葛福媛,40,2019-03-15 22:38:28,0,剧情套路到了一定程度，但是画面是真不错，逻辑也合理，非常值得鼓励和表扬的国漫
293,https://www.douban.com/people/vividtime/,LORENZO 洛伦佐,30,2019-03-28 00:52:17,1,前半段挺好的，还有些许幽默和自嘲。后半段金蛇狂舞不是我的茶。国产电影的通病在这部电影上还是现了形：剧本弱。
294,https://www.douban.com/people/singlesinger/,SingLesinger,40,2019-01-19 17:30:18,0,结尾断桥二人背影的发型简直iconic，前面的叙事其实很普通，一些二次元的软色情元素国产动画中还是很少见。
295,https://www.douban.com/people/51061132/,indicent time,40,2019-03-05 21:48:30,0,Fuck，片尾那个曲子响起来的时候，我完全就忘了自己对前面那些很“降魔篇”的特效的抱怨，也忘了这个有点“那啥海棠”的故事，只觉得有点感动……
296,https://www.douban.com/people/nofish/,非魚,30,2019-03-09 19:09:42,0,都是网红脸看着也就没那么违和了~
297,https://www.douban.com/people/74485902/,劼__x,50,2019-01-11 22:42:46,8,"非常好看
高能预警
少儿不宜
故事讲得不错"
298,https://www.douban.com/people/laoafei/,老阿飞—故园,50,2019-02-01 22:10:58,3,哇~~好看好看！这还是在好多人推荐，然后带着期待的情况下看的。全程剧情不尬，很流畅，角色表演非迪士尼式的，但又很到位，重要的是叙事节奏很好，情节不拖泥带水，又详略得当，重点剧情非常有记忆点；特别是最后泪点那里，虽然套路，但是不狗血，而且情绪节奏掐的特别准；画面？已经进入故事忽略画面了，画面水准很高，工业化程度达标，很多场面美不胜收。结尾致敬了新白，音乐响起的时候，累积的情绪整个爆发出来，好家伙，哭的我。其他方面，导演绝对足控圈资深老司机，深谙群众g点，我差点舔屏。非常欣喜国产动画已经到达这种品质了，原生动漫一代成长为了内容输出者，审美和眼界本身就要高，现在手底下的活儿也跟上了，只要市场环境别再出幺蛾子，国产影视作品的质量绝对会越来越高，优胜劣汰，留下真正优秀的内容和内容创作者。好开心。
299,https://www.douban.com/people/AngelinaAnne/,小A,40,2019-01-31 21:24:15,0,好看。喜欢故事走向。希望这个系列能拍下去，有始有终，不要像当年的《魁拔》那样，成为中国版“人类补不完计划”。
300,https://www.douban.com/people/catuncle1988/,潜意识,30,2019-03-16 15:35:46,0,国漫良心之作，画面非常之讲究，难得的爱情内核，画风更甚赶脚很有成人向。但剧情的转折太生硬，台词更是网文水平。
301,https://www.douban.com/people/4800478/,灼灼裴质,40,2019-01-17 17:50:40,3,剧本完成度很高。缺一星在于，我没有哭，也没有笑。
302,https://www.douban.com/people/rachel-rachel/,蚂蚁没问题,30,2019-05-18 13:20:32,0,什么保安堂、纸伞、船夫唱歌，这种小巧思我还挺受用，画面上最喜欢的是宝青堂的水面反转，故事就夸不出口了
303,https://www.douban.com/people/52143519/,大波罗霸,30,2019-03-24 20:13:42,0,两星半吧。最后转承民间白蛇传还是有点意思的，可惜剧本俗套和拖沓还是盖不住，国产动画还有很长的路要走
304,https://www.douban.com/people/soultaker/,90,40,2019-03-05 22:33:00,0,整体超乎我的想象，动作戏和感情戏的演出都非常专业，构图简直美翻天。但是主线矛盾冲突设置还不够精妙。若是能在角色动机上稍稍进行深挖，会有更好的效果。
305,https://www.douban.com/people/kidivy/,kidivy,40,2019-01-26 00:51:16,2,许仙可真是哪辈子都是个大恋爱脑……实名心疼小青
306,https://www.douban.com/people/williampitt/,Favillae,30,2019-01-17 21:09:44,6,反派国师师徒都是雷声大雨点小讲排场死得快，失望。剧情总体挺低幼的，小学生网文水准。
307,https://www.douban.com/people/june4cat/,某J。624,30,2019-03-05 10:05:26,1,剧本真心配不上画面，不过前世透支了所有外挂的阿宣也是真心给后世许仙拉足了好感。只是，找到了又如何，许仙永远都不是那个会护着小白到死的阿宣了，在我看来，他们终究是两个人。
308,https://www.douban.com/people/48461756/,lan,30,2019-01-11 17:56:14,1,剧情劣生硬，静景不错，动景不够流畅
309,https://www.douban.com/people/lczy/,杜若洲,30,2019-03-22 15:22:05,1,画面尚可，故事不足，靠男主推动剧情，牺牲了小白的反抗意识，削弱了这个角色的光彩。
310,https://www.douban.com/people/kafeidou25/,调筝的后花园,40,2019-01-25 13:34:51,2,真心推荐，特效做的很好，情节也没有硬伤，还不走套路（多少年了，都是妖变人，终于来次人变妖的设定了，阿门）。啊，对了，其实床戏片段也并非必要啊，非要加上，尴尬.jpg 。另外国师那个蒙面弟子也太特喵的像陈坤了吧哈哈哈哈哈
311,https://www.douban.com/people/54045751/,羊过冬,20,2019-01-21 23:12:53,10,"睡着了，醒来的时候许宣变成了妖。
看的到国产动画的努力，但是豆瓣8分还是太夸张了，感觉得到努力在刻画静态画的美轮美奂，但是人物才是最重要的吧，女的一水超大眼镜整容脸，是因为蛇精所以弄成蛇精脸吗？所有人物表情僵硬，说话的时候基本只有嘴巴动，多在微表情下下功夫。配音也不行。两颗星。"
312,https://www.douban.com/people/4363723/,Homo sapiens,40,2019-01-18 21:13:56,1,前半部分非常惊艳，一度想给五星。直到把人变妖有点开始不对劲，后面立即审美疲劳。总之，中美合拍两开花，可以一看！（
313,https://www.douban.com/people/lynn7lynch/,林小七,50,2019-03-03 17:55:54,0,感情进展太快了吧！不过国产动画能制作成这样真的很加分。故事概括一下就是修仙版泰坦尼克号。
314,https://www.douban.com/people/yuwendizi/,方小孬,50,2019-01-12 18:19:53,3,4.5星，材质感觉好棒哦。看完还挺激动的！
315,https://www.douban.com/people/1237270/,私～［已注销］,30,2019-02-06 15:43:45,0,嗯，行吧。
316,https://www.douban.com/people/Smeagol/,寒狐传媒,40,2019-03-03 21:31:23,0,国产动画进步很大。美哭了。
317,https://www.douban.com/people/Bebefore/,游坦,30,2019-01-26 19:59:00,0,特效ok故事勉强
318,https://www.douban.com/people/dianxincha/,微喵的兔姑娘,40,2019-03-15 16:37:31,0,是真不错！结尾歌曲一响有回忆有感动，彩蛋一出所以说还有第二部？
319,https://www.douban.com/people/liuanan0606/,爱屯最可爱,40,2019-02-18 11:31:46,0,故事没啥意思，画风确实还不错。小狐妖好可爱。
320,https://www.douban.com/people/schlampig/,亲爱的猥琐猪,40,2019-01-26 01:51:33,1,整体完成度很高了，就是设定上到中段感觉像阴阳师、忍者混搭怪兽片，这有点出戏（金线牢笼想到多弗拉明戈了）。迦楼罗、千纸鹤、鸓坐骑，这些克蛇的异兽设置得不错。若非处于乱世，捕蛇村看着还挺舒适的。感情线就不提了，能尽量不腻已经很好。另外莫名有很多足控腿控福利，感觉也并不必要。狐狸精双面的设定还行，但整体总有点像SB69里的不倒太夫就出戏了。最感动的大概是来世断桥一回头吧，衔接了新白娘子传奇。插入曲和ED都挺好听的。
321,https://www.douban.com/people/62888853/,莫莫先生,30,2019-01-26 11:40:41,1,如果许仙有许宣一半勇敢就好啦。(｡•ˇ‸ˇ•｡)
322,https://www.douban.com/people/jeffersontang/,睡觉是头等大事,30,2019-03-10 09:59:42,0,画面算的上国内顶尖了，剧情腻。全场的重点就是：抢发簪。不过中间这段莫名的床戏是？7.3
323,https://www.douban.com/people/56679873/,赛里斯的风筝,40,2019-01-27 18:23:56,1,我觉得是配得上4星的，5星也说不上过分。很成人，倒不是说某些画面，而是这不像是给小孩子看的动画片
324,https://www.douban.com/people/166052854/,喓喓草虫,50,2019-01-13 21:50:05,19,和我妈一起去看的，本来我妈说看大黄蜂不看动画片，我不干，我说为国产动漫崛起添砖加瓦！当真是没辜负我的期待！看完我妈也是非常满意，直呼太美了！等了小半年，从微博上看到预告片开始就在等着了！白蛇传是我们从小就熟悉的故事，但是和《大圣归来》对《西游记》的改编不同，《白蛇缘起》是《白蛇传》的前世故事，女孩子总是会喜欢这类前世今生情系三世的故事，剧本非常棒，特别唯美，结尾里面小白看着阿宣的魂魄清唱《何须问》的时候我真的哭了！
325,https://www.douban.com/people/146822777/,何小辅,50,2019-01-14 18:15:20,9,不一样的白蛇传，以为是瞎改，最后居然能够和传统的白蛇传承接，惊喜
326,https://www.douban.com/people/162139319/,白兔糖,40,2019-03-03 22:12:11,2,国产动画这几年的表现还是蛮给力，大部分在画面上已经能做到非常不错了，就是故事上偏差。这部国漫个人认为是这些年很火的几部国漫里最好的一部，画面非常精致，也极具东方特色和美感。缺点有，故事也还是稍差火候，但整体进步很大，很值得鼓励，甚至几个配角也很出彩。
327,https://www.douban.com/people/83782943/,度冷丁,10,2019-03-09 01:01:18,1,除了人妖二元分类的隐喻，真是一个烂俗的爱情故事，不过许宣的付出型人格比许仙好太多
328,https://www.douban.com/people/54940586/,离桑,40,2019-01-15 20:26:45,0,8
329,https://www.douban.com/people/107826616/,Chauncey橙,30,2019-01-25 10:38:30,3,比大鱼好一些
330,https://www.douban.com/people/83186327/,Pasta,40,2019-02-11 10:40:26,1,哈哈哈，跟豆瓣友邻一起看的
331,https://www.douban.com/people/2814849/,zoomy,30,2019-03-04 11:12:59,1,没有说的那么好吧。。。画面是不错的。。。个人觉得人物不够饱满。。。有点流水线
332,https://www.douban.com/people/hikari0625/,妖子_,30,2019-03-05 09:44:21,2,看的删减版，不过没差。总体来说比较普通，当成白蛇传同人作品来看的话还行，当成原创动画作品来看，在剧情人设上还是需要多推敲。女主就是个拿了橙武的菜鸡，没了橙武谁也带不动，反派是够强了，但也不经打，结局战简直无聊得一批。不过也不是一无是处，场景设计得挺美，尤其宝青坊，甚至可以说得上独具匠心的惊艳。看完以后还是觉得《新白娘子传奇》真是经典啊，仅仅是在动画里听到几段它的插曲都让我激动不已。其实中国影视圈应该感谢老祖宗，有这么多的神话、传奇、故事等素材，还有这么深厚的历史，应该好好利用才是
333,https://www.douban.com/people/122341248/,HandWash,40,2019-01-13 15:51:49,6,结尾好加分呦
334,https://www.douban.com/people/freddy_xu/,殇潮|Enigma,30,2019-01-20 17:18:39,2,太成人了吧……人家还是个宝宝
335,https://www.douban.com/people/3335015/,曼靑,30,2019-03-04 01:41:38,0,还不错，全程没有玩手机 算是很认真的看完了。作为动画片 真的已经很好了，是我不够好。我是一个听到《千年等一回》的前奏响起来 就可以哭的那种人，我没办法走出我意识里的那个白蛇传。从我开始对这个世界有认知的时候，我就开始知道《白蛇传》的故事了，1992年的《新白娘子传奇》在我心中有非常不凡的地位。这个动画片的故事脚本来自初中的课文《捕蛇者说》，许宣和小白的故事线 让我一度以为这是不是动画版的《仙剑奇侠传》。「白素貞變得平庸无奇，不會在两指間呼呼閃過兩道白光施展法、不會點石成金、不會飛天遁地。她是重情重義的救世仙女，倘若失了這份情，她就不再是我的白素貞了。」
336,https://www.douban.com/people/Black_Tulip/,Black Tulip,50,2019-01-28 13:48:50,2,完美的虚构令人拥抱。总有一句戳中。片尾的画风突变和熟悉的调调实在是神来之笔。
337,https://www.douban.com/people/151663951/,谈笑风生又一年,30,2019-01-11 18:18:51,5,"比大圣归来强100倍确实。
但是，四连扑预定，追光顶住！不要倒闭！卫星吧需要你们，手动滑稽。"
338,https://www.douban.com/people/68523936/,贺兰迈克,50,2019-01-30 02:39:41,5,"画面已经接近无可挑剔了，可缺点依然是情节推进得太急，角色的逻辑转换显得生硬突然，前中期的BGM常常像走错了片场似得突然出现直到后期高潮部分才略有改善。
但是当500年后，一青一白两位女子，西湖畔的烟雨，那熟悉的发型，转过身来的那句“谢谢官人” 依然让我不知为何就落了泪。非常遗憾的是这一幕并没有表现出尘世已过500年后，晚唐人和宋人在形象风格上的差异。"
339,https://www.douban.com/people/musichellsing/,胡桃园咔嚓女王代表老柴咔了你,20,2019-03-04 11:11:09,2,"2.5造型很不怎么样，渲染质感尚很欠缺，美术指导非常随意，画面国产三D网络游戏级别,10年前神泣和卓越之剑的建模和渲染都比它好几倍，国产3D动画都发展这么多年了就没点长进么？故事狗血喜欢吃爆米花可以看看（但就这画面，并没有超出偶预估的水平，毫无惊喜，斗法的设定比较好，所以加了分）。逻辑上并没有圆好，许宣不知道哪来懂得黄药师才懂的奇门遁甲，蛇村文化水平这么高啧啧。主角之外的部分倒是胜过《莫比乌斯》和《大圣归来》（然而主角又没有大圣归来好看……||||所以水准也就那样，大圣归来偶也是给低分，因为只有两个角色长得好看，别的都是渣，故事都是渣，这部故事倒是比大圣略好，只是这狗血偶不爱）。PS，硬接台版白蛇传，我是真的想扣分，卖情怀不喜欢。"
340,https://www.douban.com/people/ifanmu/,梵目,20,2019-01-16 23:58:22,11,动作戏有莫名其妙的逻辑性BUG，显得很假，故事具有连贯性，也有不少小高潮和冲突，能够提高可看性，但剧情上依旧比较老套，没有新意，可能成人化是最大的吸金噱头。
341,https://www.douban.com/people/41785476/,元首特价大酬宾,40,2019-01-15 15:13:57,1,“人间多的是长了两只脚的恶人，长了条尾巴又怎么样”单薄真诚，一往无前的许宣最动人。我被宝青坊主那个小狐狸精迷住啦！
342,https://www.douban.com/people/49841982/,舒心酱,30,2019-01-11 18:35:19,4,许宣是李逍遥性格，纯爱人设。打斗场面有些地方很失控，汪好可爱呦，奶萌奶萌的但那个大叔配音是怎么肥四
343,https://www.douban.com/people/VinKhan/,斯齊佐飛力尼克,40,2019-02-01 19:57:11,0,蛇变成妖是蛇妖，狗变成妖是狗妖，人变成妖那岂不是......情感层面没有感动我，但是技术层面超出预期，鼓励。
344,https://www.douban.com/people/171208021/,Rickest_Rick,30,2019-01-14 18:16:38,5,不带情怀加成，不谈“支持国产“，那也不失为一部不错的动画电影
345,https://www.douban.com/people/philipless/,陈四喜,30,2019-01-11 18:32:16,6,故事一般般。感觉主角的情感基础铺垫的不够。师傅，师妹和国师多方势力捋的不顺。转折也比较突兀。小白变成巨蟒后，人物关系的走向就太简单了，很难把她再当做一个人物。阿宣选择做妖，是个败笔。因为人与妖的障碍就这么解决了，按理说留着这层障碍更好。
346,https://www.douban.com/people/169089788/,橘猫爱吃鱼,40,2019-01-19 08:53:27,5,画面很美，每一帧都可以做壁纸。
347,https://www.douban.com/people/mozi1233240/,Mydarling,50,2019-03-03 20:25:37,2,"虽然是和华纳合拍的，但也真是超高水准了
画面音乐都很棒，最后真是催泪了！
国产动画每一次都有这么高的水准那就真是很棒棒了！"
348,https://www.douban.com/people/148797985/,XIXIf,50,2019-01-11 15:37:34,7,只有我一个人喜欢 双面狐妖小娘子的吗
349,https://www.douban.com/people/1891500/,枯藤和老虎,40,2019-03-08 23:25:55,0,3.5
350,https://www.douban.com/people/emma520999/,玥玲,40,2019-01-18 22:53:31,0,期望有第二部。
351,https://www.douban.com/people/duzhouchi/,m89,40,2019-03-14 20:00:28,0,项目的总体设计部分借鉴了徐克的《青蛇》。现在看来王微还是有点工匠精神的哈，追光动画的技术实力真是冇得弹，应该算目前所有做中国风anime的行业翘楚。但故事构成还是太零零后了，既想当然又杂乱无章，没有逻辑性也就没有说服力，到头来无非就是卿卿我我的儿女情长，毫无深度可言。
352,https://www.douban.com/people/zhangyuzhong12/,没牙仔,50,2019-03-17 18:01:58,1,许仙的角色不再是个傻逼
353,https://www.douban.com/people/sleeplessBing/,冰仔,40,2019-01-19 22:58:00,1,有几段动作有点僵，难得的是全片几乎都不尬，甚至有点感动。最重要的是，中美合拍的电影终于上映了！……开花，开花。(那狐妖也太少儿不宜了吧！)
354,https://www.douban.com/people/pengyuan/,旧书君,40,2019-03-13 17:11:05,0,开门见山就是必然出现的《青蛇》画面，狐妖部分回忆起当年那部《小倩》（此为精神续集？！）。92年新白娘子传奇的两曲旋律还真是大杀器啊……以及蛇人设定想起燕垒生的《天行健》。但是铺垫太轻也是这几年国产动画治不了的诟病了吧。
355,https://www.douban.com/people/bin8715/,phoebearbus,30,2019-01-19 12:10:32,5,哪里好看了？！故事尬的没有那只狗都撑不下去（别扯什么技术画面）
356,https://www.douban.com/people/cat_fan/,张寒寺,30,2019-01-29 18:23:48,2,还是追光动画一贯的问题：剧本完全不行。
357,https://www.douban.com/people/hjscez/,功夫兔子,50,2019-01-11 16:50:29,14,美极！美极！国漫巅峰！太美了！细腻唯美！光看画风就够了。另外这次我第一次观察了一下动画人物的口型。
358,https://www.douban.com/people/65569388/,大海里的针,40,2019-03-30 19:16:19,0,还不错，越到后面越好看，画面、特效、打斗场景都挺惊艳的，就是剧本还在吃古人的老本。希望国漫早点跳出西游、白蛇、封神这些框架，题材更多元化一点，剧本更惊艳一些，不要幼稚、烂俗、过度中国风。
359,https://www.douban.com/people/zhongquan/,Bradying,50,2019-01-28 06:35:09,2,体感4星，但从我想二刷这个劲儿来说，加一星。目前看过最好看的国产动画。这种真爱范儿，真人电影演员都很难准确的诠释出来。
360,https://www.douban.com/people/Before/,F,30,2019-03-05 21:45:01,0,1.田沁鑫的话剧《青蛇》讲了几人因缘纠葛与五百年后的故事，这部电影则讲了五百年前。 灵魂与灵魂间的痴缠，不管相隔多久依然辨认出彼此。喜欢结尾最后的处理：我和我的猫狗大概某一世也是亲人。2.挺适合改成单机游戏的。
361,https://www.douban.com/people/50150728/,温柔养龙,50,2019-02-03 11:18:21,1,很好看啊，许宣是不是用胡歌做的模型哦
362,https://www.douban.com/people/145516659/,龙皇,30,2019-04-05 20:53:00,0,我脸盲，感觉美国动画中国人的脸都长得差不多，尤其是女人，就象这部片中的小白和小青。水墨效果不错，景色很美，打斗特效还行。剧情因为是缘起，所以就不说什么了，不明白为什么每部片中都有一个并不必要的萌宠动物。
363,https://www.douban.com/people/44652353/,穆如初,40,2019-04-28 23:47:17,0,画面真美阿 令人心神荡漾 可惜 再拓展一些 剧本再扎实一些就好了 最后的大战跟闹着玩儿一样 期待下部 国漫加油！/国产动画居然能看到吻戏和船戏，思过以~
364,https://www.douban.com/people/ximeir/,船山遗风,50,2019-01-27 12:42:13,2,"剧情优秀，画风奇美，制作精良！
继《小门神》之后又一力作，小门神还有点稚嫩，白蛇已然成熟。
〔NB影都with LL〕"
365,https://www.douban.com/people/34949120/,眠歌,40,2019-02-03 19:55:03,0,瑕不掩瑜。白蛇是个值得一再探究的民间故事，这部是个不错的现代版改编尝试，白蛇不再一味付出，而是有前世恩情。节奏、动画效果都很扎实！为主创们点赞。剧作人设和结构都不错，局部设计和台词需要再考究一点
366,https://www.douban.com/people/ravinenoravine/,小溪笑嘻嘻,40,2019-03-08 02:10:38,0,竟然是白蛇前传，结尾熟悉的音乐声响起好动人啊～这部戏的打戏比真人古装片还要好，动画可以完成地更加行云流水、一气呵成，几处场景设计都很有新意，还有打游戏和现代跑酷的结合。不喜欢的部分是一些人设太游戏感了，以及白蛇的善一开始并未能很好展现。
367,https://www.douban.com/people/52460978/,甦醒 Nostalgia,30,2019-03-21 22:48:33,0,精良！有特效，有奇观，有爱情，还有情怀。
368,https://www.douban.com/people/shady9/,痞子老九,40,2019-01-20 18:55:12,0,鼓励性4星，画面与故事题材上的突破，都在国产动画电影里算得上亮眼。只是动作打斗方面显得太“快”了点，很多时候感觉是为了缩短时常而故意放快了，让人有点目不暇接……这一点，体验实在不咋滴～
369,https://www.douban.com/people/cancermomo/,红豆♥,30,2019-01-19 22:40:26,2,白蛇真美啊，画面也好。故事有点像仙剑奇侠传倩女幽魂泰坦尼克号白蛇传小美人鱼的综合体。许仙前世这么给力，转世后就成了个弱鸡
370,https://www.douban.com/people/gwei6585119/,gwei,30,2019-01-06 11:04:41,4,前半部分，画面超美，后半部分 所有国产动画的通病！灰暗 凌乱！
371,https://www.douban.com/people/yunduan6/,yunduan,50,2019-01-13 18:52:13,7,国产动漫能有这样的水平确实难得，阿宣舍身救小白化身冰人的桥段有种泰坦尼克的感觉，结尾音乐响起，各种回忆……
372,https://www.douban.com/people/161542542/,韧者,40,2019-01-09 23:13:54,8,"虽然好看，但比不上阿唐奇遇、小门神、猫与桃花源，故事太简单，除了爱情，没啥多余的内涵！看阿唐奇遇、小门神、猫与桃花源，能边看边思考，看白蛇不用带脑子（解读人性也说的过去，但没必要），适合放松看一看，不用带着鉴赏去看！
对了，里面的音乐值得鉴赏！"
373,https://www.douban.com/people/cm1986/,BLAKE,40,2019-01-13 21:34:36,2,技术过硬，故事略微单薄了点，阿黄应该是最憋屈的配角了。
374,https://www.douban.com/people/chaiyanchao/,Cycble,30,2019-03-11 20:23:32,0,“世上多的是两条腿的人，有条尾巴的妖怎么了。”画风不错，可惜故事太单薄，差点意思。
375,https://www.douban.com/people/heshengsheng/,何生生,30,2019-01-17 20:21:57,2,《青蛇》才是旧瓶装新酒，这个比起来就太旧了点
376,https://www.douban.com/people/140953766/,Harry-Z,30,2019-01-11 10:32:16,5,"从大学时期就开始关注的动画公司，一直希望他能做出更好的作品。上次看《猫》真是失望极了，这次进步很多，特别是美术和分镜上的，然而剧本依然是软肋。首先，白蛇和阿宣之间的爱情的萌芽和发展做得非常不扎实，基石不稳，越盖越显得别扭。第二，人物的性格和行为动机缺乏塑造，小青和大boss的性格塑造很是扁平，白蛇还好一点，阿宣的人物就没立起来，只知道他是个乐于助人的好人。
我时常在想，我们拿好莱坞的那套编剧方法来讲东方的故事可行吗？东方和西方的直接热情不同，我们民族的血液里流淌的是婉转和温柔，我们动画人还得多和实拍的电影创作者多学学，大陆的、台湾的、日本的"
377,https://www.douban.com/people/qingyunic/,荞麦安娜,40,2019-04-11 20:17:33,0,直男破百合哈哈哈哈，心疼小青三秒钟。支持国漫加一星。
378,https://www.douban.com/people/178132541/,oldman,40,2019-03-04 20:04:00,2,"故事很完整，宝青坊的设定很出色，小狐妖很漂亮。
其他的角色都有点丑，而且整个画风有点看不惯
画面很美，特效很棒，大赞!
小白和小青有点百合的感觉，应该是借鉴了徐克版青蛇的设定。
总得来说，瑕不掩瑜，很棒的一部国漫。
缘起看来是埋了许多坑，期待把这个动漫做成一个大IP!
"
379,https://www.douban.com/people/levitating/,levitating,30,2019-01-15 16:26:00,3,国产动画进步真是神速哇！最后大战睡着了，果然特效片的打斗戏一向是我的催眠剂。男主挂的时候，满脑子闪现泰坦尼克号……
380,https://www.douban.com/people/Alicia_Diary/,安然槿 - 露,40,2019-02-06 21:24:56,0,技术分加满 但这个故事为何完全戳不到我……友情4分
381,https://www.douban.com/people/ancylostomiasis/,Parsimoniae,30,2019-02-10 05:05:52,0,不想因为华纳出钱了就溢美，故事很程式化，女蛇福利镜头很突兀。
382,https://www.douban.com/people/chaorenshushu/,超人叔叔,30,2019-01-16 20:21:24,0,华纳摆在那里作画的品控没得说 作为缘起也算过关的前传故事了
383,https://www.douban.com/people/89562933/,蓝色的眼睛,40,2019-02-12 23:46:27,0,"爱情片……我不想看爱情片了很烦
动画是成人向的，剧情却是给孩子看的。
编剧本质上还是认为女性应是弱势无力的。
“其实你不用管我的，你连我是什么人都不知道”“虽然不知道你是谁，(但是你有颜啊)”哈哈哈心里完全脑补的这一句。
“萍水相逢，你对我姐姐能有什么深情”
“哼无能小妖”
这爱情甜又腻，酸得我牙痛……
吸星大法才是最骚的。
男主死了我给四星。"
384,https://www.douban.com/people/142275411/,一枝鹤,30,2019-03-04 13:51:37,1,"唉，视效有多让人惊喜，故事就有多让人失望。
白蛇这么一个强大的女性形象，硬生生给拗成全程被动苍白无力的sleep walking beauty。就算你说这是前传，人物需要成长空间，同样是拥有超常能力而异而妖的艾尔莎都放飞自我 let it go 了，我们小白打回原形再炼五百年，醒了第一件事还是再续前缘。至于原本不亚于冰雪奇缘的姐妹情，被糟蹋成了一个笑话。"
385,https://www.douban.com/people/4280664/,电影老村长,20,2019-03-22 23:43:39,0,像《大圣归来》一样的3D动画+古典神魔，像《大护法》一样拿成人元素做卖点，所谓的画面好，只是技术高，除了绿水千青山有中国味，场景人物一股子杂交美学，一会儿是日式风，一会儿是魔兽刺客信条。毁灭吧，赶紧的，累了。
386,https://www.douban.com/people/cloudlandlord/,琧婯,50,2019-03-04 23:21:26,1,远超乎想象，画面极其优秀，有相当多顶峰式桥段和画面。。。宝青坊直接看高潮了有没有。。。我就想知道永州塔底下镇的什么妖。。。说它是中国的冰雪奇缘还真挺恰如其分的。
387,https://www.douban.com/people/daladida/,男娼起义,30,2019-01-16 22:24:35,1,阎魔友情出演了
388,https://www.douban.com/people/c541223724/,西决,30,2019-03-11 03:41:48,0,超过预期了
389,https://www.douban.com/people/73676769/,血天,30,2019-01-17 09:42:52,6,节奏乱七八糟，爱情莫名其妙，我们好好铺垫不好吗。前半段再多点时间，把线理清楚，人物动机，情感好好铺垫，会好很多。以至于看到最后都觉得小白和阿宣的感情太过于仓促，师傅，小青的动机缺少点什么重要的推进因素。不过后半段倒挺好的，节奏比前半段好太多。很多设计看出来话了心思，比较亮眼。不过看完以后，很难记住有什么吸引人的地方了。
390,https://www.douban.com/people/mr_tree/,凹凸,40,2019-01-31 14:50:18,0,3.5 美术很有想法
391,https://www.douban.com/people/nicate/,Dita,30,2019-01-17 23:51:43,0,"新白娘子传奇是童年回忆
青蛇是港片记忆
于是去看了部国产动画电影
上次看国产动画还是大圣归来
没有吹的那么神
也没有那么差吧
三星吧
画面确实不错
但是故事情节还是蛮突兀转折的
下面有剧透

最好笑的是许宣为了要和小白在一起
去变成了妖 长出了他狗狗的尾巴
我也是醉了
我以为我在看奇葩说呢
辩题是“伴侣变性了你怎么办”
当时就有个奇葩说 我建议你也去变个性[皱眉][皱眉][皱眉]
真的是爱上了妖 人妖不能一起 我建议你也去变成妖
这是什么沙雕操作😝😝😝
笑到昏Gucci

最后不止致敬了这两部🐍相关的经典作品
感觉还cos了泰坦尼克号哈哈哈哈哈
不行了 这一锅中美乱炖
我干不下去啊
不过确实原创内容太匮乏了
这种翻牌过各个版本的大ip还要拿来继续拍
看到结尾应该是不出意外还有下一部吧"
392,https://www.douban.com/people/emilycou/,"""eMily""┆rehab",50,2019-01-29 22:26:08,1,下班包场看了白蛇•缘起🤩继大鱼海棠之后的又一中国动画之光✨场景和动作场面非常惊艳👏剧情和角色设定虽有不足但整体不错👌是时候为中国动画吹一波彩虹屁🌈💨💨💨
393,https://www.douban.com/people/bluejiang/,少年夏不安,30,2019-03-03 22:16:30,0,动作太僵硬了，不过画风渲染的有一点点美，情节也只是在赶场的感觉，不自然。
394,https://www.douban.com/people/185988505/,Praxus,30,2019-02-20 00:06:22,2,视效是真的美，真的令人心醉&#13;但是&#13;好编剧在我国是一种极危物种吗？？
395,https://www.douban.com/people/snokin/,抠脚诗人,40,2019-01-26 01:35:33,1,贫乳控、恋足癖福音啊。剧情、画面都很不错，风景也美的很。稍微有点遗憾是某些剧情说不太通，例如许宣的义无反顾……打斗等画面有点像在看网游宣传片……
396,https://www.douban.com/people/77869650/,绯色_神仙,30,2019-01-13 19:15:51,0,很多设定都挺有意思，特效不错。
397,https://www.douban.com/people/52896143/,三浦春马的痣,30,2019-01-14 15:24:51,1,长得好看的妖精才能被善待，果真是个看脸的世界…我国电影什么时候能分级啊 好几个画面太少儿不宜了
398,https://www.douban.com/people/85324202/,影中世界,40,2019-01-19 21:05:24,1,真的很好看啊，制作精良，最主要的是画面真的很美，场景方面下了不少功夫。作为一个家喻户晓的国民IP，能够抛弃耳熟能详的许仙与白娘子的故事转而讲述两人前世缘起的故事就很有新意了，虽然爱情部分来得太突然，但是两人分别的时候还是被感动到了。结尾的歌一响，立刻又回到了那个熟悉的年代
399,https://www.douban.com/people/152011333/,clytze,20,2019-03-12 21:07:08,2,这个题材还能让我看不下去也是厉害
400,https://www.douban.com/people/Luinrandr/,Luinrandr老刚,50,2019-01-16 22:29:58,3,给五星是因为太特么超出预期了！虽然能看出来打磨得不足，但是剧情、动作和设定已经超出期待太多太多！法器制造工坊和狐仙什么的真的太棒了！白娘娘现原形的那张脸太帅了！小青配音有点过，但这仅仅是这个人角色唯一的缺点！之前被人打过预防针电影会用新白娘子传奇的音乐煽情，但结尾前世今生的前奏一出，太特么自然流露水到渠成了，差点哭出来！
401,https://www.douban.com/people/67048173/,偷偷改名字,50,2019-01-18 17:03:02,2,谁说妖就没有感情，小青对小白，难道不是千年不变的真爱吗？(9)
402,https://www.douban.com/people/55349790/,夏日雨荷冬日娜,50,2019-01-14 00:25:35,3,《新白娘子传奇》中交代了5分钟不到的前世剧情，这里花了2个小时来讲，编剧脑洞还是开挺大的。剧终断桥上那一幕其实最百感交集，感觉也没有续集了，Sad。
403,https://www.douban.com/people/augusttt/,正在,30,2019-03-28 18:47:02,0,有好多“借鉴”的角色影子，整个节奏就跟这些妖精们的行走速度一样，太快了，强行反派后有大反派，这样各式各样的奇观反而比人物更抓眼球，因为人物都没有来得及立起来。还有奇行八卦？是为了吸引网文读者吗……
404,https://www.douban.com/people/idoso/,小二,10,2019-03-26 19:50:58,0,风景给一星，故事彻底看不下去啊……得是多喜欢网游的人才会喜欢这种破故事？？？？华纳有钱就是牛，刷分刷这么高，堪比神奇的动物，良心不会痛吗？
405,https://www.douban.com/people/34504889/,有梦想的咸鱼,40,2019-01-15 09:42:01,3,故事情节特别流畅，各种中国元素以及人设都没毛病，看着白蛇传长大的我表示非常棒！！在票圈夸了一句，一个人说一看就是老外审美加国内网红审美，另一个说中美合拍文体两生花，是是是，人家华纳都承认了是合拍，到了国人眼里就都是他们美爹的功劳，魔障的人真够多的。好像现在喷国产是政治正确吗？？这样的作品不值得骄傲？？
406,https://www.douban.com/people/jinggo/,紫领 爱,40,2019-05-05 20:56:11,0,不错，超预期！风景优美精致，打斗场面恢宏大气。走了进步！虽然人物情感处理起来还是很单薄，人物表情还是很僵硬(其实已经有很大的进步了)。2019/5/5周日
407,https://www.douban.com/people/honey1025/,扬花点点,40,2019-03-05 13:03:35,0,动画效果还是挺像游戏CG过场，剧本也是仙侠风讳莫如深的人设、苦大仇深的恩怨、爱而不得的爱侣，还有“仙剑”赵灵儿蛇身、锁妖塔等印记……当然还有很多铺垫不足的硬伤，比如阿宣三观为什么如此正，但！这种很带古风传奇故事和中二爱情故事，居然感动我了！
408,https://www.douban.com/people/52101570/,流光溢彩,50,2019-01-31 22:01:54,1,赶着时间，看完了。最后一幕太欣慰了。一直不敢看这部，就怕毁了回忆啊。看完觉得超赞。可惜啊可惜，排片太少。宣传不够。看完久久不愿意离开。太赞了。太赞了。狐妖那段简直惊艳。一电影院人直到所有字幕放完才走。
409,https://www.douban.com/people/problemchildren/,国王KING,40,2019-03-06 22:33:18,0,动画还蛮不错的。不过细看的话，总有某厂痕迹……
410,https://www.douban.com/people/Razzmatazz/,莱尼圆,40,2019-04-17 09:08:21,0,旧故事新说，更像是白蛇传的前传，结尾点题前世姻缘很有巧思。可以看到成人向的元素变多了，这白蛇的脸是照着网红脸来做的，古风造型却搭配着高开衩露大腿，再不时来个足部特写，还有一段恣情纵欲的人妖床戏，虽点到为止也开时代之先了，加上破百合、双头龙等元素，不仅是满足直男审美趣味这么简单，几乎就是直接挑逗欲望了。动作设计富有创造力，场面调度也很棒，在打斗戏篇幅很大的情况下并没有让人厌倦，展现了中美合拍的技术实力，非3d也是加分项。剧情上许白爱情又是非成人向的幼稚，不过就是贪恋白蛇人形的美貌，怎么就生死相随至死不渝了
411,https://www.douban.com/people/64172361/,黑特007,30,2019-01-17 19:00:19,1,★★★☆，不是低幼向但kiss也太突兀了……人妖的本质是吸精机……半人半妖的蛇精是最好看的，配乐喜欢，尤其结尾转世太好看了，优缺参半
412,https://www.douban.com/people/BINARYUN/,草原上的马,30,2019-04-21 19:13:41,0,还是美国的技术牛逼，好看多了
413,https://www.douban.com/people/43216577/,湛卢_读书,40,2019-01-12 00:23:30,7,"技术很强，故事太不圆润了。
被 ntr 即视感的青蛇和看起来是人但是弹跳能力惊人的许宣。
在调用观众情绪和情感方面还要多下功夫，很多桥段非常莫名其妙。打戏很多优点过满了。"
414,https://www.douban.com/people/138547455/,追远。,50,2019-01-18 20:35:33,1,"请问评论指责大家为何对国漫如此宽容的那些个人，你又为何如此苛刻小气?
画面真的很精美，几次反转也很妙! 很用心，支持!"
415,https://www.douban.com/people/forles/,喵星人不吃鱼,40,2019-03-03 22:04:26,0,巅峰巅峰！重回巅峰！就是剧情有点快。画面，细节，大故事都棒棒的！随便一张图都可以当桌面，这个时候好怨恨没有一个4k电视！打斗动作画面超出很多号称投资亿万的电影的效果
416,https://www.douban.com/people/kamiyamaki/,神山樹,40,2019-02-04 03:02:11,0,以国漫的标准虽有瑕疵整体非常出色 不过所有关于这个故事人妖殊途的各种版本 在我看来主旨总是张曼玉的那句 “我到人世来 被世人所误 你们说人间有情 但情为何物”
417,https://www.douban.com/people/last-bible/,化熊出爪,40,2019-01-14 22:42:57,0,人设太disney类型化，你说白素贞是迪士尼公主毫无违和感、8.1 比海王还高迷醉、
418,https://www.douban.com/people/57833598/,夜潇狂,40,2019-01-16 09:34:54,1,新千年第一部PG-13级国产动画？
419,https://www.douban.com/people/4396203/,老葡,40,2019-01-29 22:09:58,2,场景很美，感人。BUT，里面借鉴《千与千寻》的地方是不是有点多：小白蟒蛇的造型和白龙的造型，尚青坊里面的呆头小人、长腿的灯，会飞的折纸，都能找到原型…too much.   p.s.小白师傅的脸越看越像安吉丽娜朱莉… 3星半
420,https://www.douban.com/people/57107264/,Pukii,50,2019-03-13 06:40:09,0,超级感人的一个故事，很好看。
421,https://www.douban.com/people/1155700/,老枪,20,2019-04-29 10:50:04,0,不看完
422,https://www.douban.com/people/MagicK/,麦小白,40,2019-01-15 00:57:18,0,来世再续今生缘，让那情意永缠绵。/技术保持在线。
423,https://www.douban.com/people/39600184/,了却烟硝,40,2019-01-11 17:53:51,10,"妈惹，完全没想到这样一个早就烂进地心的故事，弄得我眼泪止不住的流。
其实从电影本身来说，我觉得它的节奏有重大的问题，许多剧情的进度过快而且没有前兆。配音也不甚完美，有的声音因为过于做作甚至让我有点出戏。
不过，影片的画面设计是真的良心，在《影》之后，再次在大荧幕上看到极具中国水墨画风情的画面，真的让人感觉惊艳。特效一方面看得我略累，但是另一方面确实足够震撼。
男女主角之间真挚的爱情虽然老套到让人尴尬，但不知为何，还是让我颇为感动。
“人世间长着两条腿的恶人多的是，有一条尾巴又怎样？”
“现在，你再也推不开我了。”
让我去找找纸巾。"
424,https://www.douban.com/people/139978970/,寒寒,10,2019-01-20 11:15:37,17,只有我觉得有点辣鸡吗。。。白蛇梗真的已经腻腻的了，人物形象还延续烂大街的花木兰脸，白蛇青蛇单看五官分不清谁是谁，情节发展莫名奇妙，莫名其妙的刺杀莫名其妙的爱情莫名其妙变妖精，女大魔王刚说完全杀还没杀几个又任性地要吸精。。。另外到底是白蛇还是白龙啊真是画蛇添须
425,https://www.douban.com/people/LauraCreep/,Laura,40,2019-03-04 14:22:13,0,我就喜欢这个男主吧，能遇到一个的话，我会非常开心
426,https://www.douban.com/people/58055787/,梅花野老,20,2019-03-07 10:59:27,1,画面鲜艳亮丽，很讨眼球喜欢。但剧情依然不敢恭维，逻辑问题太多了，最后的反派竟然是自己的师傅，那个黑化太匆匆，没有铺垫。青蛇多次强调，许宣爱上白蛇是因为她长的好看，我觉得青蛇逻辑没毛病。纵观整部电影，白蛇这个形象的塑造几乎没有。电影几乎没着重去表现白蛇的真与善，大多时候都是美。所以假如我也有一次机会，我也想爱上一个美丽妖怪，纵然我自己也变成一只妖。
427,https://www.douban.com/people/clementinetsu/,Shokupan,20,2019-01-26 22:43:20,6,编剧真的很垃圾，每个人的人物动机都没有挖掘，为什么爱上，为什么要这个打那个，都讲不清楚，也别谈世界观了。男主的脸是照着李逍遥捏的吧，最后许仙不就是梅长苏吗哈哈哈哈。小白英文名叫Blanca，小青Verta，洋气了！最后我不禁发出了疑问：小狗做错了什么？？？你们为什么要这样对他？？？
428,https://www.douban.com/people/yangweili/,螃蟹,40,2019-04-13 20:30:32,0,除了男主莫名就短时间一眼万年奋不顾身爱上女主略不太有说服力外，总体非常棒，音画一流，尤其是18禁的部分。。。朋友的小学生小朋友居然看过后有点开窍了（就是有点懂了其他小男生口中的女生的可爱是啥赶脚）。。。
429,https://www.douban.com/people/MeloTheFisher/,烟波人长安,30,2019-03-03 21:28:53,2,故事太烂了，人物性格全部立不住，感情变化完全没有逻辑，故事设定也一堆槽点，晚唐要是有这么牛逼的大法师，哪儿至于灭亡啊？是，画面是很棒，尺度是不小，但我要看大尺度我直接去看黄漫了，很多黄漫的感情线都比这片子丰满。。而且画面和技术难道不是为了故事服务的？就不说丑出风格的男主和满屏幕的网红脸了。。值两星的动画，但都说要鼓励要鼓励，行吧，三颗星，不能再多了。
430,https://www.douban.com/people/169876891/,飞侠式拼搏,40,2019-01-05 16:16:40,6,"缘起，白蛇和许仙爱情故事的缘起。这次聚焦了白蛇和许仙的前世因缘，探寻两人今后为何相爱的原因。熟悉的人物，新的故事，有笑点，有泪点，值得一看。
画面细腻很美，令人惊艳。视效，场景，造型，动作等技术都是国内顶尖水准。情节略弱，国漫依旧不太会讲故事，但值得期待。
人世间多的是长了两条腿的恶人，多长了一条尾巴又有什么呢。国师的屠杀是为了自己的修行，而许宣则拯救了全村人，善恶从不只看外表。
“无论他在世间何处，无论他是何模样，我都要找到他。因为，我记得。”西湖桥上片尾音乐一响，满满的童年记忆啊！
长着一副网红脸的小白，到底是白蛇，还是白龙？
片尾有彩蛋！不会等太久，那首歌听着听着就到了。"
431,https://www.douban.com/people/160596424/,yoda6sa,50,2019-01-14 01:11:19,15,坦白来讲该作算是目前为止中国大陆最优秀的3D动画电影，人物建模和场景设计十分唯美，剧情也多多致敬了《青蛇》和《新白娘子传奇》的经典片段，结尾的彩蛋也能看出追光动画是有野心将其打造成旗下的经典系列；然而，也许是电影时长的问题，故事情节的多次转折有些生硬，动作特效略带生硬，BOSS战更有点掉帧......总体评价：唯美，但缺乏些灵动~国漫之路绝非一天两天能探索发展完毕，接受建议，多多鼓励，望国漫越来越好！
432,https://www.douban.com/people/play0829/,Wayne,30,2019-04-02 21:35:04,0,新故事，后半段有点乏味
433,https://www.douban.com/people/niushansuan313/,crystal,50,2019-03-16 22:17:57,0,小白...
434,https://www.douban.com/people/flowertide/,付玲,10,2019-03-03 18:45:39,0,什么玩意啊？！
435,https://www.douban.com/people/Budaphin/,海盗豚,50,2019-01-16 21:48:32,3,近年最爱的国产动画片！连风语咒我都爆灯了，这部没理由不爆灯，全程看得很舒服，哭的很舒服。另外，我个人好像代入的是男主，跟蛇妖谈了场恋爱，荡气回肠的，现在有点累了。
436,https://www.douban.com/people/3669248/,淹然,40,2019-01-19 19:37:27,2,徐克式的视觉想象，新白娘子传奇的情怀。
437,https://www.douban.com/people/louxing/,与影牵手,30,2019-04-04 22:11:10,0,★★★还是有颗粒感，但是很中国，很感人。
438,https://www.douban.com/people/131023951/,Madam Fong,40,2019-01-12 22:59:46,1,画面挺美的，国产动画片最急人的地方还是剧情，慢慢来吧。
439,https://www.douban.com/people/moviefun/,啊砸,10,2019-01-20 15:09:12,4,......
440,https://www.douban.com/people/liaoyuqin/,哈比,40,2019-01-18 02:03:52,0,值得一看！打斗场面行云流水，节奏感抓得非常棒。动画人物的小神态也很好~ 我最最喜欢的是他们一起去宝青坊的那段，虽然过场很快，但是一窥宝青坊的业务和工作流程。特别棒！
441,https://www.douban.com/people/4903570/,木子络,50,2019-01-24 13:15:36,1,"19第二部
太美了，！无论是画面还是古诗，结尾处音乐响起，泪流满面。唯一的不足就是人脸让我想起花木兰。。。。"
442,https://www.douban.com/people/54998502/,夜神月的猫,40,2019-01-31 03:57:58,1,画面非常华丽，故事从大局到细节的起承转接都非常到位，唯独人物表情的处理的缺失是最大遗憾，减一星，迪士尼的动画制作都会请表情心理学家来作指导，我们可能在这方面还要再多考虑一步。再就是狐妖的那件摇摇欲坠的胸衣让强迫症抓狂，太讨厌了！哈哈！
443,https://www.douban.com/people/167656091/,Tannin大象姐姐,30,2019-03-06 20:49:58,2,"画风好评，白蛇青蛇口红色好看，人物动作设计皆像画江湖不良人。
还有个问题男主和女主的妆容不同步，一个欧美妆一个韩妆。
故事进程慢，做空大场景，宝青坊的空间结构倒是颇有意思。

题外话：为何现在道家都是反派?"
444,https://www.douban.com/people/2342178/,清音,50,2019-03-04 13:52:41,1,台词：人生无常，苦多乐少，多记住些美好的时候就好。小白爬山，在各个山头跳来跳去的画面很爽，很飘逸。
445,https://www.douban.com/people/48934135/,影启缘末,50,2019-03-17 21:37:26,0,有一种自家孩子出息了的感觉
446,https://www.douban.com/people/hairuo/,海若,30,2019-01-23 20:10:40,0,狐妖略恐怖，故事略扯，人物关系和性格变化突兀，结尾音乐略俗套，设定魔法世界有些bug
447,https://www.douban.com/people/52334476/,麟,40,2019-04-18 10:50:38,0,四星鼓励。剧情还是偏弱，喜欢肚兜的设计、比较接地气。…不过就是混口饭吃…！！…我怎么会说话了…汪汪…囧…人物性格设计的蛮有亮点的，不过坏人还是比较脸谱化。五百年前的缘，白蛇传前传呀…
448,https://www.douban.com/people/35743711/,敖敖郎,50,2019-02-03 16:14:17,2,驚喜！推薦！
449,https://www.douban.com/people/69807491/,醉梦·聊生,30,2019-03-06 15:37:13,0,缘起珠钗，归于珠钗，一支绿钗，偷袭国师未果，失忆落飞瀑，捕蛇人救，相伴寻来由，拥怀取暖，八卦塔中人妖恋，从此人为妖，妖为巨蟒，国师道法，蛇族魔头效法，一来二去，绿钗发神威，妖魂飞，蛇村安宁，转世五百年，撑伞桥上遇，又一段旷世情。
450,https://www.douban.com/people/AndyEyre/,闫琦,30,2019-02-08 18:14:19,0,不及格。这部片上映已近一月，评分高得不正常……查阅一些影评，预告片带来许多好感，决定买票进影院，抚慰一下被春节档捅伤的心灵。画面尽美，技术扎实，配音出色～～先声夺人的好感没一会儿就被踩着逻辑的剧情打破。这想当然的剧情在底层支配了影片的基调，几个转场过后，更是毫不掩饰地露出了预设主题、结局并牵引剧情的企图，是以呈现极不自然的倒推痕迹，全然没有“它就如此地发生了”那样的现实般的自然。不仅如此，编剧借鉴了海贼王鸟笼、阿甘正传羽毛等作为剧情支柱，男主设定是仿照胡歌吧，小青的容貌举止让我看到了树上女爵的风采……这些省事儿做法让影片只剩下技术骨架，罔顾叙事罔顾真实地带上了机器的冰冷感。
451,https://www.douban.com/people/milkydog/,milky,50,2019-01-16 21:38:14,1,国产动画又一新高度。毛发冰霜细节太赞了！狐妖的衣服要掉不掉的真诱人！小青对小白是真爱，可惜小白是宇直。准备二刷。
452,https://www.douban.com/people/fengyuanhua/,风雨暗花,40,2019-01-19 20:25:08,0,除了人物形象略迪士尼画风之外，画面还是很惊艳的，很明显地致敬了青蛇倩女幽魂，宝青坊非常徐老怪style，原创故事最后来了一发新白娘子传奇的情怀杀，圆得不错了。
453,https://www.douban.com/people/133824715/,楠至[已注销],40,2019-01-11 23:21:09,2,不能不鼓励，纵然冯提莫式的脸型让人难以移情。男主这样的少年郎，到底有几分当代舔狗的模样在，预设一个准则如捕蛇人和蛇的矛盾，妖与非妖的区隔，在男主凝望素贞的时候全部刹那瓦解，何其形似一段渴望关系的青年网恋里妥协再妥协的对于规范的再生产中流露的讨好，男主的爱因降格到普通的青春期化，以至于消解了终章牺牲赴死的感动，因为旁边有一高中生小声嘀咕“换我我也行”
454,https://www.douban.com/people/2270098/,sea,40,2019-01-21 17:18:33,1,也许是太久不关注电影推荐了，完全没有听过这部电影也就完全没有想过进电影院来看，正好周末有点时间没别的选项就来看了，结果还是不错的。人物造型非常正宗的唯美中国风，甚至觉得年会如果穿小白这套就好了，还很想知道小白的口红色号，哈哈。音乐以及视觉效果流畅，想象力和广为流传的传说的连接非常干净漂亮，甚至有一瞬间有了迪斯尼动画出品的冰雪奇缘既视感。看了影评，对追光制作的动画留下很好的印象。
455,https://www.douban.com/people/xmz/,筱晗,40,2019-03-10 10:44:59,0,特效和创意都是不错的。许宣的恋爱脑扣一分
456,https://www.douban.com/people/touchwonderful/,PageChen,50,2019-01-14 21:41:26,6,追光加油！！！
457,https://www.douban.com/people/71586138/,下饭菜,40,2019-03-10 20:15:37,0,"中间那小段拍的挺美。
阿宣阿宣，我宣你！"
458,https://www.douban.com/people/frances-6/,Invisible,30,2019-03-24 20:46:11,0,有美国电影如《功夫熊猫》《泰坦尼克》《花木兰》的影子，有日本电影的影子。原来还是中美合作呢。S
459,https://www.douban.com/people/3687465/,adam,30,2019-01-14 15:37:35,1,画面很漂亮，动作还是比较僵硬。主题就是一句：妖怪又怎么样，她长的好看啊！
460,https://www.douban.com/people/xuguangming/,石义,30,2019-03-09 22:48:24,0,故事俗套，画面真美！
461,https://www.douban.com/people/Kidult./,dududuck,10,2019-01-13 16:41:42,16,说句老实话，觉得这片子好看的，你们是认真的吗？
462,https://www.douban.com/people/Sundancer/,仁慈的父,50,2019-01-27 22:52:19,2,好看，文戏笑点颇多，感情戏略尬，但打斗戏高潮迭起目不暇接，盗墓笔记再穿插一点点不知来由的少儿不宜情节，外加一丢丢百合元素，近几年难得一见的动作流畅故事讲的不错的国产动画电影。小道士供出一血令小白暴走那段感觉太突兀，可能经费都花在后面与老道相斗那段，最后一段，煽情到爆，小白最后那一声呼唤真的令人心碎一地。另外，配角表现也可圈可点，最后片尾的彩蛋也是很大看点，总觉得导演似乎在布一个很大的局，十分有野心。视觉效果之外，还要为声优多加一星。
463,https://www.douban.com/people/skyfeel/,一去,30,2019-01-28 22:45:29,0,【魔影】1.24 从隔壁低幼蜂巢到无聊密室再拐进这座盛唐山水，终于明白看电影遇到沉沉浮落落起一晚三部对比有伤害哈～有船戏有异种，黄暴指数★★★
464,https://www.douban.com/people/woshichenkaka/,陈卡卡,30,2019-01-15 22:21:38,2,将传统符号作为奇观放大，然后融入好莱坞的冒险叙事手法，也挺搭，但是剧情其实有好几处经不起推敲，推进太生硬，并不是很期待第二部。
465,https://www.douban.com/people/madamyx/,麻蛋小姐,40,2019-06-09 23:58:20,0,讲述新白娘子传奇的前传，比想象中的好看，白蛇画得也太好看了吧？小青的性格要比以往印象中的极端许多，但也符合青蛇的个性，最后许仙也变成了妖怪，这个设定是意想不到的。之前观众们的印象是白蛇一味付出，但这个版本里反而是许仙更爱白蛇，喜欢这个版本。
466,https://www.douban.com/people/misty-yy/,弓谷所長,40,2019-04-21 09:31:43,0,"3.5 画面是真的做的好，如若不然，这样的剧情真的很烂的哦。
从魁拔，到大圣归来，再到大鱼海棠，在看到这部白蛇缘起，国产动漫制作的精良的确让人眼前一亮，但剧本真的需要好好打磨。"
467,https://www.douban.com/people/hjaoxjl/,左宜右有42,50,2019-01-27 21:01:42,2,情怀 诚意 技术流 动人 豆瓣高冷儿们你们给分也是有点低。
468,https://www.douban.com/people/2475703/,轻灵真实,50,2019-04-01 20:28:06,0,惊艳到热泪盈眶啊！精美绝伦的画面，婉转流畅的剧情，揪扯人心的故事，所有的审美和价值观都是中国的，就连音乐都那么江南。哎呀，那片尾的老歌响起，想起了我童年时期贴满本子的白娘子贴纸……真的每一处都戳中我。
469,https://www.douban.com/people/steammoonsnow/,霾桑 等108个人,40,2019-03-08 17:44:37,0,《太平广记》里有一个永嘉之乱前田园犬突然开口说话的段子，但没写狗说话的原因，这个事儿困扰我多年，没想到在这个电影里给破解了。故事蛮一般吧，主要还是画面好，白蛇的脸是苦瓜脸加天然呆，但仍然挺性感的，这是这个片子最迷人的地方。对了，又在国产片里见到波兰翼骑兵了。
470,https://www.douban.com/people/hollyend/,我有姿势我自豪,40,2019-01-24 09:58:41,1,"画面效果是很不错的.基本游戏宣传CG级别了.人物建模太好莱坞了.小白加雪基本就是艾莎了.衣服头发效果很不错,许仙有点李逍遥鸭.拜托一下续集也让肚兜出现好不好咯.超喜欢小黄狗,蛇母这个角色其实挺不错的.如果多用点笔墨烘托就好了.还有""林平之""那个角色.总体来说,白蛇青蛇许仙不宜太多偏移的设定.其它人物应该可以更出色的."
471,https://www.douban.com/people/1730271/,cavalry,50,2019-03-17 15:54:58,0,看一个好电影，真有喝了一杯好酒的感觉，心弦被触动，随着影片的节奏久久回响，看完后会放下所有的思绪和琐事慢慢回味，忍不住想着，自己似乎已经很久很久没有真的用心去做一件事情了。成年后的努力生活，让心头蒙上一层又一层杂物，最终形成了一个完整的外壳，感受不到自己的心跳，这个外壳在这一刻似乎突然被震破，重拾年少时的感觉，真好。
472,https://www.douban.com/people/show1992/,孙二狗,30,2019-01-19 23:23:11,1,当许仙喊出小娘子的时候...那一刻我以为是西门大官人！
473,https://www.douban.com/people/olivia_sissi/,Sissi,40,2019-03-09 00:16:24,0,虽然有些细节还不那么到位，但是瑕不掩瑜，至少是个好的故事。比起新白娘子传奇里一个小牧童救下一条小蛇，然后过五百年来报恩，更有说服力！毕竟是爱过！
474,https://www.douban.com/people/landelanle/,懒得懒了,50,2019-01-30 19:38:36,1,画面十分精美细腻 尤其人物复杂的微表情特别到位 那个双面萝莉狐狸精的形象也塑造的特别棒 故事没觉得单薄啊 我很喜欢 也很入戏，最后绝美的西湖出现 熟悉的白娘子造型的背影袅袅婷婷 电视剧醉人的旋律响起～ 真叫人心神荡漾 期待能出个三部曲 回家的路上一直在听《前世今生》
475,https://www.douban.com/people/shaoyi/,晓晓一,30,2019-01-13 19:13:14,1,画面很美，然而故事好像缺乏主心骨，到底想表达什么不太明确，正面反面人物也都缺乏层次。另外，恩，有些画面……恩……好像有些香艳？像是色情网游弹窗广告的那种风格？
476,https://www.douban.com/people/sunyangchina/,终有剑心在,50,2019-01-21 08:56:47,3,如果以是否打动人心而论，我觉得这电影是成功的。白蛇传的前传，在传统神话传说的缝隙里插入了新的故事，完美解释了白娘子钟情许仙的真正原因，正是前世这样的人才值得白娘子为之付出一切。主角设定也突破了传统故事的套路，小白娇羞温婉的样子惹人怜爱可能不是我们记忆中的那个白娘子，许仙也打破传统故事里畏缩怯懦的设定，前世的许仙洒脱不羁坚毅勇敢，喜欢这样为爱情风不顾身的故事。结局看的我泪目了转头看见孩子妈妈也在擦眼泪呢，你心中做何感想呢是否也想着如果有来生还要在一起呢。
477,https://www.douban.com/people/moyan89/,宜缤,40,2019-03-29 17:43:55,0,为了爱情奋勇的许仙 真的很仙  原来他俩的缘分已经这么深... 所以后面才有那么多调皮可爱的后续吧 ！
478,https://www.douban.com/people/56975242/,陈小睡,30,2019-01-24 17:54:27,1,这个高分吓到我了。两星是鼓励结尾的西湖重逢。剧情？人物？全都立不住。
479,https://www.douban.com/people/fengjiansun/,风间隼,40,2019-01-16 23:37:00,1,3.5星，故事中规中矩，人物蛮可爱。比较精彩的一是宝青坊的华丽机关，二是国师的法术和排场，都很有想象力，但还是比不上《千与千寻》和《小倩》啊，国产动画继续加油！
480,https://www.douban.com/people/35711522/,糯木,30,2019-03-05 13:18:01,1,放在国产动画里这制作和整体把控已经算是上乘了，值得鼓励。就是人物外形太迪士尼，建模肉感缺失，甚至怀疑他们没打阴影。借梗太多导致通篇几乎都是别人的影子。青白的百合感有种刻意讨巧之感，不娶何撩？
481,https://www.douban.com/people/175255942/,绾君,50,2019-01-18 20:31:02,3,8.5/10 真的有惊喜，本以为故事老套剧情万变不离其宗，画面也估计与其他国片无区别，但看完真的有惊喜，感觉值得二刷，意想不到2019的开门经验，还有彩蛋的童年记忆，总之结合所以白蛇故事的长处，值得推荐。
482,https://www.douban.com/people/155678242/,书剑两无成荒堂,40,2019-02-08 21:42:07,1,国师除妖捉蛇原来是为了吸取元神给自己修炼，要让皇帝千年万年，结果是越捉妖天下越乱，到头来发现国师跟蛇妖练的功是一路的……这简直是 恶政隐……
483,https://www.douban.com/people/SZH19920707/,少年派的崛起,40,2019-03-08 13:28:58,0,国产动漫的良心之作，画面和特效都属上乘，剧情虽简单但爱情戏还是很凄美。肚兜这条狗承包了电影里所有的萌点
484,https://www.douban.com/people/lolita99/,素衣染天香,50,2019-01-16 20:43:44,3,哇。吹爆动画特效，还有各种中国风的创意！！！真的墙裂推荐你们去看。配乐和动画效果都好唯美。明明是一个很老套的故事却让人移不开眼睛。想看下一部。真的。快去看。真的值回票价。
485,https://www.douban.com/people/jelly-8/,任家少女,50,2019-01-27 14:56:42,2,很好看，细节也做的很好，期待续集
486,https://www.douban.com/people/uranium/,Nicκ,40,2019-01-20 18:23:40,1,应该是大圣归来，大鱼海棠之后的再一部国产动画作品，有亮点，有不足，继续加油吧！
